,str_ID,affinity
0,100-41-4,-6.3
1,100-42-5,-6.3
2,100-44-7,-6.0
3,100-46-9,-6.1
4,100-47-0,-6.4
5,100-51-6,-6.2
6,100-52-7,-6.1
7,100-55-0,-5.3
8,100-61-8,-6.0
9,100-63-0,-6.3
10,100-65-2,-6.3
11,100-66-3,-6.0
12,100-68-5,-5.8
13,100-75-4,-5.9
14,10004-44-1,-4.9
15,1002-84-2,-6.9
16,101-21-3,-7.2
17,101-27-9,-7.7
18,101-31-5,-7.9
19,101-42-8,-6.1
20,101-77-9,-8.9
21,101-81-5,-9.3
22,101-84-8,-8.9
23,102-07-8,-9.1
24,102-69-2,-5.3
25,102-76-1,-6.4
26,102-82-9,-6.2
27,102170-44-5,-6.0
28,1022-46-4,-8.7
29,103-29-7,-9.6
30,103-33-3,-9.0
31,103-36-6,-7.3
32,103-65-1,-6.6
33,103-69-5,-6.4
34,103-70-8,-6.2
35,103-73-1,-6.4
36,103-82-2,-6.8
37,103-84-4,-6.4
38,103-85-5,-6.6
39,103-88-8,-5.9
40,103-90-2,-6.6
41,104-46-1,-6.8
42,104-51-8,-7.0
43,104-75-6,-5.3
44,104-76-7,-5.6
45,104-98-3,-5.7
46,105-05-5,-6.8
47,105-30-6,-4.8
48,105-37-3,-4.6
49,105-53-3,-5.6
50,105-54-4,-5.0
51,105-55-5,-4.4
52,105-57-7,-4.5
53,105-66-8,-5.6
54,105-67-9,-6.6
55,106-30-9,-6.0
56,106-32-1,-6.1
57,106-34-3,-8.5
58,106-37-6,-4.9
59,106-38-7,-5.8
60,106-39-8,-5.3
61,106-41-2,-6.0
62,106-42-3,-6.2
63,106-43-4,-6.0
64,106-44-5,-6.2
65,106-46-7,-5.6
66,106-47-8,-5.7
67,106-48-9,-6.0
68,106-49-0,-6.0
69,106-50-3,-5.5
70,106-51-4,-5.8
71,106-55-8,-5.0
72,106-57-0,-4.8
73,106-63-8,-5.5
74,106-70-7,-5.4
75,106-93-4,-3.1
76,106-94-5,-3.5
77,106-95-6,-3.4
78,106-99-0,-3.8
79,107-02-8,-3.4
80,107-04-0,-3.1
81,107-05-1,-3.4
82,107-06-2,-3.0
83,107-08-4,-3.5
84,107-13-1,-3.8
85,107-31-3,-2.8
86,107-82-4,-4.4
87,107-83-5,-4.4
88,107-87-9,-4.5
89,107-92-6,-4.6
90,1077-16-3,-7.8
91,108-08-7,-4.8
92,108-10-1,-5.1
93,108-11-2,-5.0
94,108-20-3,-4.4
95,108-21-4,-4.6
96,108-36-1,-5.6
97,108-37-2,-5.6
98,108-38-3,-6.1
99,108-39-4,-6.2
100,108-42-9,-5.9
101,108-43-0,-6.0
102,108-44-1,-6.1
103,108-46-3,-5.6
104,108-47-4,-5.7
105,108-48-5,-5.6
106,108-67-8,-6.4
107,108-68-9,-6.4
108,108-70-3,-5.7
109,108-85-0,-4.7
110,108-86-1,-5.8
111,108-87-2,-5.8
112,108-88-3,-5.8
113,108-90-7,-5.7
114,108-93-0,-5.4
115,108-94-1,-5.8
116,108-95-2,-5.7
117,108-98-5,-5.4
118,109-00-2,-4.9
119,109-02-4,-4.1
120,109-07-9,-4.4
121,109-60-4,-4.7
122,109-64-8,-3.7
123,109-65-9,-4.0
124,109-66-0,-4.2
125,109-67-1,-4.2
126,109-69-3,-4.0
127,109-70-6,-3.6
128,109-79-5,-3.8
129,109-87-5,-3.0
130,109-92-2,-3.5
131,109-94-4,-3.6
132,109-97-7,-4.1
133,109-99-9,-4.0
134,110-00-9,-4.1
135,110-02-1,-4.0
136,110-12-3,-5.1
137,110-15-6,-4.6
138,110-38-3,-6.2
139,110-42-9,-6.5
140,110-43-0,-5.3
141,110-44-1,-5.4
142,110-53-2,-4.5
143,110-54-3,-4.5
144,110-62-3,-4.6
145,110-74-7,-4.1
146,110-82-7,-5.2
147,110-83-8,-5.2
148,110-85-0,-3.7
149,110-86-1,-4.7
150,110-89-4,-4.7
151,110-91-8,-3.7
152,110-94-1,-5.1
153,1107-99-9,-5.8
154,111-11-5,-5.9
155,111-13-7,-5.4
156,111-25-1,-4.7
157,111-26-2,-4.8
158,111-27-3,-4.9
159,111-43-3,-4.4
160,111-44-4,-4.1
161,111-65-9,-5.2
162,111-66-0,-5.3
163,111-68-2,-5.0
164,111-70-6,-5.0
165,111-71-7,-4.9
166,111-76-2,-4.9
167,111-82-0,-6.4
168,111-83-1,-5.5
169,111-86-4,-5.3
170,111-87-5,-5.4
171,111-92-2,-5.5
172,1114-71-2,-6.0
173,112-05-0,-6.1
174,112-30-1,-6.1
175,112-37-8,-6.6
176,112-38-9,-6.5
177,112-53-8,-6.3
178,112-72-1,-6.4
179,1125-78-6,-7.8
180,1125-84-4,-5.9
181,1127-76-0,-8.6
182,1129-41-5,-7.3
183,1134-23-2,-6.5
184,114-26-1,-7.7
185,115-43-5,-8.4
186,117-34-0,-9.7
187,117-81-7,-8.0
188,117-89-5,-9.3
189,1177-87-3,-5.1
190,118-08-1,-5.2
191,118-10-5,-6.4
192,118-52-5,-6.1
193,118-55-8,10.0
194,118-90-1,-7.1
195,118-91-2,-6.8
196,118-92-3,-6.8
197,1185-33-7,-4.5
198,119-36-8,-6.9
199,119-61-9,-9.9
200,119-65-3,-7.2
201,119-68-6,-6.7
202,119-91-5,10.1
203,1194-65-6,-6.3
204,1198-37-4,-8.1
205,120-07-0,-6.7
206,120-12-7,-7.8
207,120-36-5,-7.2
208,120-47-8,-7.1
209,120-57-0,-6.5
210,120-72-9,-6.8
211,120-80-9,-5.8
212,120-82-1,-6.0
213,120-83-2,-6.0
214,120-89-8,-5.0
215,121-34-6,-6.4
216,121-44-8,-4.1
217,121-69-7,-6.2
218,121-79-9,-7.2
219,121-98-2,-6.5
220,122-15-6,-6.7
221,122-34-9,-6.7
222,122-39-4,-9.0
223,122-59-8,-6.7
224,122-66-7,-9.2
225,122-80-5,-6.4
226,122-85-0,-6.8
227,122-88-3,-6.5
228,122-97-4,-6.7
229,122-99-6,-6.3
230,123-08-0,-6.2
231,123-11-5,-6.1
232,123-19-3,-5.3
233,123-25-1,-5.7
234,123-29-5,-6.5
235,123-30-8,-5.7
236,123-31-9,-5.7
237,123-38-6,-3.5
238,123-51-3,-4.4
239,123-54-6,-4.6
240,123-56-8,-4.8
241,123-66-0,-5.7
242,123-72-8,-4.2
243,123-75-1,-4.0
244,123-86-4,-5.2
245,123-92-2,-5.5
246,123-96-6,-5.5
247,123-99-9,-6.4
248,124-04-9,-5.3
249,124-07-2,-5.8
250,124-11-8,-5.6
251,124-13-0,-5.5
252,124-19-6,-5.8
253,124-48-1,-3.3
254,124-83-4,-5.8
255,124-94-7,-5.2
256,125-33-7,-8.9
257,126-07-8,-4.7
258,127-07-1,-4.1
259,127-18-4,-4.3
260,127-19-5,-3.9
261,127-31-1,-5.1
262,127-33-3,-4.8
263,12771-68-5,-8.6
264,128-13-2,-5.3
265,128-62-1,-5.0
266,129-00-0,-7.5
267,129-20-4,-8.9
268,130-95-0,-4.9
269,13029-08-8,-7.3
270,131-11-3,-7.3
271,131-17-9,-8.4
272,13110-37-7,-8.1
273,132-64-9,-7.4
274,132-65-0,-7.1
275,133-90-4,-6.7
276,133-91-5,-6.4
277,134-32-7,-7.8
278,13476-55-6,-8.0
279,135-19-3,-8.1
280,135-98-8,-7.2
281,136-60-7,-7.9
282,136-77-6,-8.1
283,13698-49-2,-5.9
284,137-26-8,-4.1
285,137-32-6,-4.3
286,137-58-6,-6.8
287,138-52-3,-5.5
288,139-40-2,-7.1
289,13993-65-2,-9.7
290,140-67-0,-6.5
291,140-88-5,-4.6
292,14073-97-3,-6.4
293,14090-87-0,-5.9
294,141-76-4,-4.0
295,141-78-6,-4.0
296,141-84-4,-4.2
297,141-90-2,-4.9
298,142-28-9,-3.6
299,142-29-0,-4.8
300,142-62-1,-5.3
301,142-68-7,-4.6
302,142-82-5,-4.8
303,142-84-7,-4.4
304,142-92-7,-5.7
305,142-96-1,-5.6
306,14214-32-5,-8.0
307,143-07-7,-6.5
308,143-08-8,-5.9
309,14309-40-1,-7.6
310,14309-41-2,-7.7
311,144-62-7,-4.4
312,14437-17-3,-7.1
313,145-13-1,-5.7
314,146-54-3,-9.3
315,14686-13-6,-5.0
316,148-24-3,-7.5
317,149-30-4,-6.2
318,149-32-6,-4.5
319,149-91-7,-6.3
320,150-13-0,-6.3
321,150-68-5,-6.2
322,150-69-6,-6.5
323,151-67-7,-4.9
324,15258-73-8,-6.1
325,15271-41-7,-7.8
326,15299-99-7,-8.2
327,15310-01-7,-8.2
328,1540-35-8,-5.6
329,15414-82-1,-5.3
330,156-59-2,-3.1
331,15687-27-1,-7.9
332,15862-07-4,-7.9
333,15879-93-3,-6.1
334,1596-84-5,-5.5
335,15968-05-5,-4.4
336,15972-60-8,-5.0
337,16118-49-3,-8.5
338,1629-60-3,-4.9
339,1634-04-4,-3.8
340,16529-66-1,-4.7
341,16606-02-3,-7.5
342,1668-19-5,10.4
343,1678-91-7,-6.1
344,16878-76-5,-5.6
345,16878-77-6,-5.7
346,1689-83-4,-6.6
347,1689-84-5,-6.7
348,1698-60-8,-7.0
349,1730-37-6,-8.3
350,1732-13-4,-7.1
351,1746-81-2,-6.2
352,18181-80-1,-7.1
353,18259-05-7,-4.6
354,18559-94-9,-6.9
355,1897-45-6,-5.0
356,191-24-2,-6.7
357,1912-26-1,-6.9
358,1918-00-9,-6.0
359,1918-02-1,-5.6
360,1918-16-7,-6.1
361,192-97-2,-7.1
362,1929-82-4,-6.2
363,19550-30-2,-4.7
364,19666-30-9,-8.1
365,198-55-0,-7.2
366,1982-47-4,-8.2
367,1982-49-6,-9.4
368,1982-55-4,-5.7
369,2008-41-5,-5.9
370,20168-99-4,-7.8
371,2029-64-3,-6.0
372,2032-59-9,-6.6
373,20354-26-1,-7.3
374,2040-96-2,-6.0
375,204443-27-6,-6.0
376,204443-30-1,-5.8
377,2049-95-8,-7.7
378,205-82-3,-7.0
379,205-99-2,-7.8
380,2050-67-1,-6.9
381,2050-68-2,-7.0
382,2051-24-3,-4.6
383,2051-60-7,-8.0
384,2051-61-8,-7.7
385,2051-62-9,-7.6
386,206-44-0,-8.8
387,207-08-9,-9.6
388,208-96-8,-7.8
389,2114-15-0,-4.8
390,2114-20-7,-5.5
391,2131-41-1,-7.4
392,2136-99-4,-4.5
393,2152-44-5,-4.7
394,2163-69-1,-7.5
395,2164-17-2,-7.6
396,217-59-4,-8.5
397,21725-46-2,-7.3
398,218-01-9,-7.6
399,2188-67-2,-7.7
400,2207-01-4,-6.0
401,22071-15-4,-9.4
402,22204-53-1,-6.8
403,22259-30-9,-7.0
404,2235-90-7,-8.4
405,2244-16-8,-7.2
406,22862-76-6,-6.8
407,229-87-8,-7.9
408,230-46-6,-7.4
409,2303-16-4,-5.7
410,2303-17-5,-5.7
411,23103-98-2,-7.5
412,2315-68-6,-7.5
413,23184-66-9,-3.9
414,2367-82-0,-6.5
415,2370-12-9,-5.0
416,238-84-6,-7.8
417,2385-74-2,-5.5
418,239-64-5,-8.7
419,23947-60-6,-6.9
420,243-17-4,-8.4
421,2432-20-4,-5.8
422,2432-21-5,-6.4
423,2432-99-7,-6.2
424,2437-79-8,-6.9
425,2460-49-3,-6.0
426,24691-76-7,-7.5
427,24691-80-3,-7.2
428,2536-31-4,-7.9
429,2539-17-5,-4.8
430,260-94-6,-7.2
431,26002-80-2,-9.3
432,262-12-4,-6.6
433,2622-26-6,-8.3
434,2623-33-8,-6.8
435,2642-98-0,-6.2
436,2655-19-8,-6.7
437,26644-46-2,-4.3
438,271-44-3,-6.9
439,27134-24-3,-9.9
440,273-53-0,-6.6
441,27314-13-2,-7.6
442,27541-88-4,-7.6
443,28299-41-4,-7.9
444,287-92-3,-4.7
445,28805-78-9,-5.3
446,289-80-5,-4.4
447,289-95-2,-4.1
448,28911-01-5,-5.4
449,291-64-5,-5.8
450,292-64-8,-5.7
451,2939-80-2,-5.3
452,2974-92-7,-7.6
453,298-81-7,-7.2
454,29883-15-6,-5.1
455,299-42-3,-7.1
456,29973-13-5,-7.4
457,3002-23-1,-5.9
458,3042-84-0,-6.7
459,30564-38-6,-6.2
460,30979-48-7,-7.0
461,3121-79-7,-4.8
462,3124-46-7,-5.2
463,31251-03-3,-5.9
464,31367-46-1,-5.6
465,31431-39-7,10.0
466,315-30-0,-5.7
467,31508-00-6,-6.7
468,319-86-8,-3.5
469,3248-05-3,-6.4
470,32598-10-0,-6.4
471,32598-11-1,-7.3
472,327-54-8,-6.5
473,330-55-2,-6.0
474,33089-61-1,-6.3
475,33146-45-1,-6.1
476,33284-50-3,-7.8
477,33284-53-6,-6.8
478,334-48-5,-6.2
479,3380-34-5,-7.0
480,33979-03-2,-4.8
481,34123-59-6,-6.7
482,3424-82-6,-7.2
483,3452-09-3,-6.0
484,34883-43-7,-8.0
485,3495-42-9,-5.5
486,35065-27-1,-5.6
487,35065-28-2,-5.8
488,351-83-7,-6.8
489,352-11-4,-6.2
490,352-34-1,-5.8
491,352-97-6,-4.5
492,35367-38-5,10.4
493,35693-92-6,-5.8
494,35693-99-3,-7.5
495,35694-08-7,-4.8
496,357-57-3,-5.8
497,3625-25-0,-7.6
498,36330-85-5,-8.3
499,36378-49-1,-5.8
500,364-62-5,-6.9
501,366-18-7,-7.0
502,36653-82-4,-6.6
503,372-18-9,-6.0
504,374-01-6,-5.0
505,37517-28-5,-3.7
506,3766-60-7,-7.3
507,37680-65-2,-7.5
508,37764-25-3,-5.8
509,378-44-9,-5.2
510,3813-05-6,-6.1
511,382-45-6,-5.7
512,38380-02-8,-6.4
513,38380-07-3,-4.9
514,38380-08-4,-7.3
515,38411-22-2,-4.6
516,38444-81-4,-7.4
517,38444-85-8,-7.1
518,38444-86-9,-8.1
519,38444-93-8,-5.7
520,389-08-2,-7.1
521,39196-18-4,-6.2
522,3970-62-5,-5.1
523,40186-72-9,-4.7
524,40596-69-8,-7.9
525,41464-39-5,-6.5
526,41464-40-8,-7.6
527,41464-41-9,-6.5
528,4170-30-3,-4.3
529,41814-78-2,-6.8
530,4248-19-5,-4.8
531,4248-20-8,-5.9
532,426-13-1,-5.4
533,4282-40-0,-5.1
534,43121-43-3,-6.3
535,433-97-6,-7.8
536,434-03-7,-6.1
537,437-50-3,-6.1
538,4394-00-7,-8.5
539,4396-01-4,-6.0
540,4516-69-2,-5.6
541,453-20-3,-3.9
542,458-88-8,-6.2
543,461-58-5,-4.2
544,461-72-3,-4.5
545,461-98-3,-5.6
546,462-06-6,-5.6
547,464-07-3,-4.7
548,467-98-1,-5.0
549,470-82-6,-5.3
550,474-25-9,-5.1
551,474-86-2,-6.0
552,475-25-2,-6.8
553,475-31-0,-5.2
554,479-18-5,-6.3
555,480-16-0,-9.0
556,481-06-1,-6.4
557,481-29-8,-5.6
558,481-37-8,-6.4
559,482-05-3,-6.3
560,484-12-8,-6.8
561,4849-32-5,-7.3
562,485-35-8,-7.2
563,485-65-4,-6.7
564,485-71-2,-6.6
565,486-64-6,-6.7
566,488-73-3,-5.3
567,4911-70-0,-5.4
568,492-38-6,-7.4
569,495-69-2,-7.4
570,496-11-7,-7.0
571,496-15-1,-6.8
572,499-75-2,-7.3
573,50-02-2,-5.0
574,50-03-3,-5.3
575,50-04-4,-5.6
576,50-11-3,-6.7
577,50-23-7,-5.0
578,50-24-8,-5.1
579,50-32-8,-7.0
580,50-33-9,-9.0
581,50-36-2,-6.9
582,50-47-5,10.3
583,50-48-6,10.6
584,50-49-7,10.9
585,50-53-3,-9.1
586,50-70-4,-5.3
587,50-71-5,-5.7
588,50-99-7,-5.3
589,501-52-0,-7.2
590,502-56-7,-6.2
591,507-45-9,-4.5
592,507-70-0,-4.5
593,508-96-3,-5.9
594,509-86-4,-9.2
595,51-21-8,-5.5
596,51-34-3,-6.9
597,51-52-5,-6.2
598,51-55-8,-8.2
599,51-66-1,-6.2
600,51-67-2,-6.6
601,51-79-6,-4.3
602,51-98-9,-6.3
603,5104-49-4,-8.4
604,512-04-9,-6.5
605,51218-45-2,-4.0
606,513-36-0,-3.8
607,514-10-3,-5.5
608,514-17-0,-5.3
609,51481-61-9,-6.9
610,517-09-9,-6.4
611,519-05-1,-6.3
612,51940-44-4,-7.8
613,51953-17-4,-4.7
614,52-01-7,-6.2
615,52-21-1,-5.2
616,52-31-3,-8.9
617,52-39-1,-5.2
618,52-43-7,-7.2
619,52-67-5,-4.7
620,52-86-8,-7.9
621,5221-53-4,-6.6
622,52251-71-5,-7.3
623,5234-68-4,-6.5
624,526-73-8,-6.7
625,526-75-0,-6.8
626,52645-53-1,-8.6
627,52663-62-4,-4.8
628,52663-63-5,-4.7
629,52663-69-1,-5.1
630,52663-71-5,-5.1
631,52663-77-1,-4.6
632,52704-70-8,-4.7
633,52712-04-6,-5.9
634,52712-05-7,-4.9
635,529-86-2,-7.5
636,53-06-5,-5.0
637,53-16-7,-5.8
638,53-19-0,-8.6
639,53-41-8,-6.0
640,53-43-0,-5.8
641,53-70-3,-8.5
642,53-86-1,-5.7
643,530-78-9,-8.7
644,533-17-5,-6.5
645,533-74-4,-4.4
646,535-80-8,-6.5
647,53648-05-8,-7.9
648,537-47-3,-7.1
649,537-92-8,-6.9
650,538-32-9,-7.3
651,538-68-1,-7.2
652,538-93-2,-7.1
653,53808-87-0,-6.2
654,539-03-7,-6.2
655,539-82-2,-5.5
656,5392-40-5,-7.0
657,54-11-5,-6.6
658,54-85-3,-6.0
659,540-36-3,-5.8
660,540-54-5,-3.3
661,541-33-3,-4.2
662,541-48-0,-4.6
663,541-73-1,-5.7
664,542-55-2,-4.4
665,542-69-8,-4.1
666,542-76-7,-4.0
667,543-49-7,-5.3
668,543-59-9,-4.3
669,544-10-5,-4.7
670,544-25-2,-6.0
671,544-63-8,-6.6
672,547-75-1,-5.2
673,548-00-5,-5.3
674,55-21-0,-6.8
675,551-06-4,-8.1
676,552-58-9,-9.2
677,552-63-6,-7.0
678,55215-17-3,-4.8
679,55215-18-4,-4.9
680,553-26-4,-6.6
681,55312-69-1,-5.3
682,554-12-1,-4.2
683,555-37-3,-7.6
684,557-17-5,-3.6
685,55702-45-9,-6.1
686,558-13-4,-3.1
687,5582-82-1,-5.9
688,55880-77-8,-5.6
689,56-04-2,-5.6
690,56-23-5,-3.4
691,56-29-1,-9.0
692,56-47-3,-5.5
693,56-49-5,-6.7
694,56-53-1,-6.2
695,56-54-2,-5.9
696,56-81-5,-4.0
697,56-85-9,-5.4
698,56030-54-7,-7.7
699,5635-50-7,-9.1
700,564-25-0,-5.3
701,565-60-6,-4.7
702,565-67-3,-4.8
703,56558-16-8,-4.7
704,569-31-3,-6.6
705,57-10-3,-6.9
706,57-11-4,-7.3
707,57-13-6,-3.5
708,57-24-9,-6.3
709,57-27-2,-5.2
710,57-42-1,-9.0
711,57-43-2,-7.7
712,57-44-3,-6.6
713,57-53-4,-6.3
714,57-62-5,-5.1
715,57-63-6,-6.1
716,57-83-0,-5.4
717,57-85-2,-5.7
718,57-91-0,-5.5
719,57-97-6,-6.7
720,571-58-4,-7.4
721,571-61-9,-7.8
722,575-41-7,-8.7
723,576-26-1,-6.6
724,578-06-3,-7.5
725,578-67-6,-7.2
726,57837-19-1,-4.9
727,579-10-2,-6.6
728,579-44-2,10.2
729,579-66-8,-7.1
730,58-08-2,-5.9
731,58-15-1,-5.8
732,58-18-4,-6.0
733,58-27-5,-7.5
734,58-38-8,-8.1
735,58-39-9,-8.9
736,58-40-2,-9.7
737,58-63-9,-5.9
738,580-13-2,-8.0
739,580-16-5,-7.4
740,581-40-8,-8.0
741,581-42-0,-7.3
742,5826-73-3,-6.9
743,583-53-9,-6.1
744,583-58-4,-5.7
745,583-60-8,-5.9
746,583-61-9,-5.7
747,5836-10-2,-8.6
748,584-02-1,-4.4
749,589-18-4,-6.2
750,589-55-9,-5.2
751,589-82-2,-5.4
752,589-90-2,-6.0
753,589-91-3,-5.9
754,589-93-5,-5.7
755,59-31-4,-7.8
756,59-46-1,-6.9
757,59-50-7,-6.5
758,59-67-6,-5.7
759,59-92-7,-7.2
760,590-12-5,-3.2
761,590-27-2,-3.2
762,590-36-3,-4.9
763,5902-51-2,-5.8
764,591-07-1,-4.8
765,591-17-3,-6.0
766,591-22-0,-5.8
767,591-24-2,-5.7
768,591-49-1,-5.9
769,591-50-4,-5.8
770,591-78-6,-5.0
771,591-93-5,-4.2
772,592-35-8,-5.0
773,592-41-6,-4.5
774,594-36-5,-4.1
775,594-60-5,-4.9
776,594-83-2,-5.4
777,595-33-5,-5.5
778,595-41-5,-5.2
779,597-49-9,-5.1
780,597-96-6,-5.3
781,59756-60-4,-8.2
782,598-50-5,-3.6
783,598-53-8,-3.5
784,598-55-0,-3.5
785,598-75-4,-4.5
786,5989-27-5,-6.5
787,60-12-8,-6.4
788,60-18-4,-7.6
789,60-29-7,-3.5
790,60-34-4,-3.3
791,60-35-5,-3.3
792,60-54-8,-5.5
793,60-87-7,-8.2
794,60-89-9,-8.7
795,60-99-1,-7.7
796,600-36-2,-5.4
797,60168-88-9,-9.3
798,6032-29-7,-4.3
799,607-67-0,-7.8
800,608-21-9,-5.5
801,608-93-5,-5.5
802,61-68-7,-8.3
803,611-14-3,-6.7
804,613-12-7,-8.1
805,613-13-8,-7.9
806,614-28-8,-8.7
807,614-29-9,10.1
808,614-61-9,-7.0
809,614-80-2,-6.5
810,615-15-6,-6.9
811,615-54-3,-5.5
812,615-77-0,-5.6
813,616-20-6,-4.4
814,616-44-4,-4.5
815,616-45-5,-4.7
816,6164-98-3,-6.7
817,618-51-9,-6.3
818,619-02-3,-7.2
819,619-45-4,-6.6
820,62-44-2,-6.4
821,62-53-3,-5.7
822,62-56-6,-2.8
823,620-71-3,-6.6
824,621-82-9,-6.9
825,621-84-1,-6.9
826,622-45-7,-6.7
827,622-50-4,-5.9
828,622-96-8,-6.6
829,623-37-0,-4.9
830,623-42-7,-4.7
831,624-24-8,-5.1
832,624-95-3,-4.5
833,625-06-9,-5.2
834,625-23-0,-5.6
835,625-25-2,-5.6
836,625-29-6,-4.2
837,625-54-7,-4.0
838,626-48-2,-5.8
839,626-64-2,-4.9
840,626-67-5,-4.3
841,626-89-1,-4.7
842,626-93-7,-4.9
843,627-08-7,-4.6
844,627-19-0,-4.5
845,627-59-8,-5.2
846,628-28-4,-4.4
847,628-32-0,-4.0
848,628-41-1,-5.2
849,628-63-7,-5.4
850,628-71-7,-5.1
851,629-04-9,-5.1
852,629-05-0,-5.3
853,629-06-1,-5.1
854,629-14-1,-4.2
855,63-05-8,-6.0
856,63-25-2,-8.7
857,63-68-3,-4.6
858,63-75-2,-5.9
859,630-20-6,-3.8
860,6305-71-1,-5.1
861,632-22-4,-4.4
862,634-66-2,-6.1
863,634-90-2,-6.1
864,636-26-0,-5.2
865,638-42-6,-5.1
866,64-19-7,-3.2
867,64-85-7,-6.0
868,643-12-9,-5.2
869,646-04-8,-4.4
870,65-45-2,-7.0
871,65-71-4,-6.0
872,65-85-0,-6.6
873,65-86-1,-6.1
874,65882-61-3,-6.0
875,66-02-4,-6.6
876,66-22-8,-5.2
877,66-25-1,-4.8
878,66-81-9,-9.3
879,67-66-3,-3.3
880,67-72-1,-4.6
881,67-78-7,-4.8
882,68-22-4,-6.1
883,68-94-0,-5.8
884,68-96-2,-5.6
885,684-93-5,-4.4
886,6876-23-9,-6.0
887,6893-02-3,-4.9
888,69-23-8,-9.6
889,69-33-0,-6.6
890,69-72-7,-6.9
891,691-37-2,-4.4
892,693-02-7,-4.7
893,693-54-9,-6.6
894,694-80-4,-6.1
895,694-85-9,-5.7
896,6966-78-5,-6.2
897,6988-21-2,-7.8
898,70-47-3,-5.0
899,70-69-9,-7.0
900,700-12-9,-6.8
901,7012-37-5,-6.7
902,708-79-2,-7.0
903,709-98-8,-7.5
904,71-00-1,-5.9
905,71-30-7,-5.0
906,71-36-3,-4.1
907,71-41-0,-4.6
908,71-43-2,-5.3
909,71-55-6,-3.4
910,72-19-5,-4.7
911,72-43-5,-6.3
912,72-48-0,-7.4
913,72-54-8,-8.1
914,72-55-9,-6.8
915,72762-00-6,-5.3
916,7286-84-2,-6.6
917,7287-19-6,-6.9
918,7294-05-5,-5.7
919,73-22-3,-8.5
920,73-24-5,-5.6
921,7307-04-2,-6.0
922,738-70-5,-6.9
923,74-11-3,-6.4
924,74-88-4,-1.9
925,74-95-3,-2.8
926,74-96-4,-2.8
927,74-97-5,-2.7
928,74472-42-7,-4.9
929,75-03-6,-2.8
930,75-08-1,-2.5
931,75-09-2,-2.6
932,75-25-2,-3.0
933,75-26-3,-3.3
934,75-27-4,-3.3
935,75-29-6,-3.4
936,75-30-9,-3.3
937,75-34-3,-3.3
938,75-35-4,-3.3
939,75-50-3,-2.3
940,75-56-9,-3.1
941,75-83-2,-4.3
942,75-84-3,-4.0
943,75-85-4,-4.3
944,751-97-3,-5.7
945,7568-93-6,-6.6
946,7581-97-7,-4.1
947,759-73-9,-4.8
948,76-01-7,-4.5
949,76-13-1,-5.3
950,76-14-2,-5.2
951,76-22-2,-5.1
952,76-24-4,-3.9
953,76-25-5,-5.2
954,76-74-4,-7.5
955,76-75-5,-7.6
956,76-76-6,-6.2
957,76-93-7,10.1
958,76466-16-5,-7.5
959,76674-21-0,-9.5
960,77-02-1,-6.1
961,77-21-4,-8.8
962,77-27-0,-6.8
963,77-28-1,-6.9
964,77-47-4,-5.4
965,77-65-6,-6.0
966,77-74-7,-4.7
967,77-92-9,-5.5
968,779-02-2,-8.8
969,78-59-1,-6.4
970,78-70-6,-6.6
971,78-75-1,-3.6
972,78-77-3,-3.7
973,78-79-5,-4.3
974,78-83-1,-3.8
975,78-86-4,-4.0
976,78-87-5,-3.6
977,78-92-2,-4.0
978,78-93-3,-4.1
979,781-43-1,-6.9
980,789-02-6,-7.5
981,79-00-5,-3.6
982,79-01-6,-3.8
983,79-06-1,-4.1
984,79-07-2,-3.8
985,79-11-8,-3.7
986,79-20-9,-3.4
987,79-31-2,-4.6
988,79-34-5,-4.0
989,79-41-4,-4.7
990,79-57-2,-4.6
991,80-05-7,-9.7
992,80-60-4,-4.6
993,80-62-6,-4.8
994,81-25-4,-5.0
995,81-81-2,-7.4
996,81451-15-2,-5.8
997,82-02-0,-7.2
998,821-55-6,-6.2
999,83-07-8,-6.6
1000,83-26-1,-7.6
1001,83-32-9,-7.8
1002,83-34-1,-7.4
1003,83-43-2,-5.1
1004,83-44-3,-5.5
1005,83-49-8,-5.5
1006,83-56-7,-7.3
1007,83-79-4,-5.4
1008,83-88-5,-5.3
1009,834-12-8,-6.6
1010,84-06-0,-9.5
1011,84-17-3,-7.1
1012,84-65-1,-6.9
1013,84-66-2,-7.8
1014,84-69-5,-9.2
1015,84-74-2,-8.2
1016,846-49-1,-7.0
1017,85-01-8,-8.4
1018,85-02-9,-8.2
1019,85-34-7,-6.7
1020,85-41-6,-7.6
1021,85-44-9,-7.5
1022,85-68-7,-9.8
1023,85-79-0,-9.3
1024,853-23-6,-5.5
1025,853-34-9,-8.4
1026,86-30-6,-9.5
1027,86-73-7,-7.7
1028,86-74-8,-7.3
1029,86-87-3,-9.1
1030,87-17-2,-7.6
1031,87-20-7,-8.0
1032,87-47-8,-9.1
1033,87-51-4,-8.2
1034,87-58-1,-3.4
1035,87-61-6,-6.0
1036,87-68-3,-5.1
1037,87-72-9,-5.1
1038,87-86-5,-4.9
1039,872-50-4,-5.0
1040,872-55-9,-5.0
1041,88-04-0,-6.5
1042,88-06-2,-6.1
1043,88-09-5,-5.4
1044,88-13-1,-5.0
1045,88-14-2,-5.4
1046,88-67-5,-6.8
1047,88-96-0,-7.4
1048,88-99-3,-6.9
1049,886-50-0,-6.8
1050,89-78-1,-6.7
1051,89-83-8,-7.0
1052,90-00-6,-6.6
1053,90-01-7,-6.5
1054,90-02-8,-6.3
1055,90-05-1,-6.0
1056,90-11-9,-8.2
1057,90-12-0,-8.4
1058,90-13-1,-8.2
1059,90-15-3,-7.8
1060,90-39-1,-8.4
1061,90-43-7,-7.7
1062,91-01-0,-9.7
1063,91-15-6,-7.1
1064,91-18-9,-5.6
1065,91-20-3,-7.8
1066,91-22-5,-7.4
1067,91-57-6,-8.2
1068,91-58-7,-8.0
1069,91-64-5,-7.8
1070,91-66-7,-6.9
1071,91-75-8,-9.4
1072,91-80-5,-7.5
1073,91-81-6,-8.6
1074,91-94-1,-7.5
1075,92-24-0,-8.2
1076,92-36-4,-7.8
1077,92-52-4,-7.6
1078,92-69-3,-7.9
1079,92-87-5,-6.8
1080,92-94-4,-9.0
1081,93-37-8,-7.6
1082,93-55-0,-7.1
1083,93-58-3,-6.7
1084,93-60-7,-5.8
1085,93-65-2,-7.5
1086,93-76-5,-6.9
1087,93-89-0,-7.1
1088,936-40-3,-6.0
1089,939-27-5,-8.4
1090,94-12-2,-7.6
1091,94-23-5,-6.9
1092,94-26-8,-8.0
1093,94-62-2,-9.2
1094,94-74-6,-7.1
1095,94-75-7,-6.9
1096,94-82-6,-7.5
1097,94-96-2,-5.8
1098,95-06-7,-5.3
1099,95-14-7,-6.8
1100,95-16-9,-6.5
1101,95-47-6,-6.4
1102,95-48-7,-6.2
1103,95-49-8,-6.3
1104,95-50-1,-6.0
1105,95-51-2,-6.1
1106,95-53-4,-6.2
1107,95-54-5,-5.8
1108,95-55-6,-5.8
1109,95-57-8,-6.1
1110,95-63-6,-6.8
1111,95-65-8,-6.8
1112,95-76-1,-6.1
1113,95-87-4,-6.5
1114,95-95-4,-6.1
1115,957-51-7,-9.4
1116,96-09-3,-6.4
1117,96-12-8,-3.8
1118,96-14-0,-4.5
1119,96-18-4,-3.9
1120,96-23-1,-4.0
1121,96-33-3,-4.2
1122,96-37-7,-5.1
1123,96-45-7,-3.7
1124,96-47-9,-4.4
1125,96-48-0,-4.7
1126,96-50-4,-3.8
1127,96-88-8,-6.5
1128,97-23-4,-7.6
1129,97-53-0,-6.6
1130,97-59-6,-6.1
1131,97-77-8,-4.9
1132,97-95-0,-4.7
1133,977-79-7,-6.1
1134,98-01-1,-5.0
1135,98-06-6,-7.3
1136,98-16-8,-7.3
1137,98-54-4,-7.6
1138,98-82-8,-6.8
1139,98-85-1,-6.9
1140,98-86-2,-6.8
1141,98-89-5,-6.2
1142,98-92-0,-5.8
1143,98-96-4,-5.1
1144,99-03-6,-6.7
1145,99-04-7,-6.8
1146,99-24-1,-6.4
1147,99-66-1,-5.7
1148,99-76-3,-6.7
1149,99-87-6,-7.0
1150,99-92-3,-6.7
1151,99-94-5,-6.6
1152,99-96-7,-6.4
1153,@57-48-7,-5.0
