5.0,0.0,5.0,352.0,22.0,26.0,22.0,0.0,264.235,0.0,0.0,0.0,0.0,0.0,0.0,0.0,0.0,0.0,0.0,0.0,0.0,0.0,0.0,0.0,0.0,0.0,0.0,0.0,0.0,0.0,0.0,0.0,0.0,0.0,0.0,0.0,0.0,0.0,0.0,0.0,0.0,0.0,0.0,15.0,0.0,0.0,0.0,0.0,0.0,5.0,1.0
3.0,0.0,2.0,338.0,20.0,22.0,12.0,4.0,244.206,0.0,0.0,2.0,3.0,0.0,0.0,0.0,0.0,0.0,0.0,0.0,0.0,0.0,15.27,11.0,8.0,16.0,0.0,0.0,0.0,4.0,0.0,0.0,0.0,0.0,0.0,0.0,0.0,0.0,12.0,2.0,10.0,0.0,0.0,2.0,3.0,1.0,1.0,0.0,0.0,2.0,6.0
4.0,1.0,3.0,470.0,23.0,26.0,18.0,1.0,331.115,0.0,0.0,4.0,0.0,0.0,0.0,0.0,0.0,0.0,0.0,0.0,0.0,0.0,43.07,22.0,90.0,0.0,0.0,0.0,71.0,0.0,0.0,0.0,0.0,0.0,0.0,0.0,0.0,0.0,32.0,50.0,0.0,0.0,0.0,7.0,3.0,6.0,0.0,0.0,0.0,3.0,5.0
0.0,0.0,0.0,162.0,6.0,5.0,0.0,2.0,118.949,0.0,0.0,0.0,2.0,0.0,0.0,0.0,0.0,0.0,0.0,0.0,0.0,0.0,0.0,24.0,22.0,0.0,0.0,0.0,2.0,0.0,0.0,0.0,0.0,0.0,0.0,0.0,0.0,0.0,0.0,0.0,0.0,0.0,0.0,0.0,5.0,2.0,0.0,0.0,0.0,0.0,6.0
0.0,0.0,0.0,182.0,6.0,5.0,0.0,2.0,122.938,0.0,0.0,1.0,0.0,0.0,0.0,0.0,1.0,1.0,0.0,0.0,0.0,0.0,20.23,4.0,14.0,6.0,0.0,0.0,10.0,6.0,0.0,0.0,0.0,0.0,0.0,0.0,0.0,0.0,0.0,0.0,0.0,0.0,0.0,0.0,2.0,3.0,1.0,0.0,0.0,0.0,6.0
1.0,0.0,1.0,243.0,9.0,9.0,6.0,0.0,178.423,0.0,0.0,0.0,0.0,0.0,0.0,0.0,0.0,0.0,0.0,0.0,0.0,0.0,0.0,12.0,24.0,0.0,0.0,0.0,12.0,0.0,0.0,0.0,0.0,0.0,0.0,0.0,0.0,0.0,3.0,3.0,0.0,0.0,0.0,0.0,3.0,3.0,0.0,0.0,0.0,1.0,4.0
1.0,0.0,0.0,112.0,7.0,7.0,6.0,0.0,84.0749,0.0,0.0,0.0,1.0,0.0,0.0,0.0,0.0,0.0,0.0,0.0,0.0,0.0,0.0,42.0,0.0,0.0,0.0,0.0,0.0,0.0,0.0,0.0,0.0,0.0,0.0,0.0,0.0,0.0,0.0,0.0,0.0,0.0,0.0,0.0,7.0,0.0,0.0,0.0,0.0,0.0,1.0
2.0,1.0,0.0,277.0,13.0,14.0,2.0,1.0,170.101,0.0,0.0,4.0,3.0,1.0,0.0,0.0,2.0,3.0,0.0,0.0,0.0,1.0,60.77,13.0,50.0,12.0,0.0,11.0,22.0,12.0,0.0,8.0,0.0,0.0,3.0,0.0,0.0,0.0,0.0,0.0,0.0,0.0,0.0,0.0,4.0,4.0,1.0,0.0,1.0,0.0,6.0
3.0,1.0,2.0,426.0,23.0,25.0,16.0,5.0,288.216,0.0,0.0,4.0,3.0,1.0,0.0,0.0,0.0,2.0,0.0,0.0,0.0,0.0,40.62,20.0,80.0,0.0,0.0,0.0,15.0,0.0,0.0,0.0,0.0,0.0,0.0,0.0,0.0,0.0,50.0,20.0,0.0,0.0,0.0,3.0,5.0,4.0,0.0,0.0,0.0,2.0,9.0
1.0,0.0,1.0,318.0,12.0,12.0,8.0,1.0,385.881,0.0,0.0,3.0,0.0,0.0,0.0,0.0,1.0,3.0,0.0,0.0,1.0,1.0,57.53,4.0,28.0,8.0,0.0,8.0,10.0,8.0,0.0,5.0,0.0,0.0,3.0,0.0,0.0,0.0,2.0,5.0,1.0,0.0,1.0,0.0,2.0,3.0,1.0,0.0,1.0,1.0,7.0
1.0,0.0,0.0,153.0,9.0,9.0,0.0,2.0,110.092,0.0,0.0,1.0,5.0,0.0,0.0,0.0,0.0,0.0,0.0,0.0,0.0,0.0,12.03,44.0,0.0,16.0,0.0,0.0,0.0,0.0,0.0,0.0,0.0,0.0,0.0,0.0,0.0,0.0,0.0,0.0,0.0,0.0,0.0,0.0,6.0,0.0,1.0,0.0,0.0,0.0,4.0
2.0,0.0,2.0,242.0,14.0,15.0,12.0,3.0,172.142,0.0,0.0,2.0,0.0,0.0,0.0,0.0,0.0,0.0,0.0,0.0,0.0,0.0,24.06,0.0,0.0,0.0,0.0,0.0,0.0,0.0,0.0,0.0,1.0,0.0,0.0,0.0,0.0,0.0,0.0,0.0,6.0,0.0,0.0,3.0,0.0,0.0,2.0,0.0,0.0,2.0,4.0
1.0,0.0,1.0,146.0,8.0,8.0,6.0,1.0,100.078,0.0,0.0,2.0,0.0,0.0,0.0,0.0,0.0,0.0,0.0,0.0,0.0,0.0,38.05,0.0,0.0,0.0,0.0,0.0,0.0,0.0,0.0,0.0,1.0,1.0,0.0,0.0,0.0,0.0,0.0,0.0,3.0,2.0,0.0,0.0,0.0,0.0,2.0,1.0,0.0,1.0,3.0
2.0,0.0,2.0,294.0,16.0,17.0,14.0,4.0,200.152,0.0,0.0,3.0,0.0,0.0,0.0,0.0,0.0,1.0,0.0,0.0,0.0,0.0,41.13,0.0,0.0,0.0,0.0,0.0,0.0,4.0,0.0,0.0,2.0,0.0,0.0,0.0,0.0,0.0,0.0,6.0,8.0,0.0,0.0,4.0,0.0,1.0,2.0,0.0,0.0,2.0,6.0
1.0,0.0,0.0,114.0,6.0,6.0,0.0,0.0,76.0564,0.0,0.0,2.0,0.0,0.0,0.0,0.0,0.0,0.0,0.0,0.0,0.0,0.0,24.06,0.0,0.0,0.0,0.0,0.0,0.0,0.0,0.0,0.0,3.0,0.0,0.0,0.0,0.0,0.0,0.0,0.0,0.0,0.0,0.0,0.0,0.0,0.0,2.0,0.0,0.0,0.0,1.0
3.0,1.0,3.0,217.0,13.0,15.0,12.0,0.0,158.135,0.0,0.0,1.0,0.0,0.0,0.0,0.0,0.0,0.0,0.0,0.0,0.0,0.0,15.79,0.0,0.0,0.0,0.0,0.0,0.0,0.0,0.0,0.0,0.0,0.0,0.0,0.0,0.0,0.0,0.0,0.0,2.0,0.0,0.0,1.0,0.0,0.0,1.0,0.0,0.0,3.0,1.0
1.0,0.0,1.0,137.0,8.0,8.0,6.0,0.0,98.0817,0.0,0.0,1.0,0.0,0.0,0.0,0.0,0.0,0.0,0.0,0.0,0.0,0.0,26.02,0.0,0.0,4.0,4.0,0.0,0.0,0.0,0.0,0.0,0.0,0.0,0.0,0.0,0.0,0.0,1.0,0.0,1.0,1.0,0.0,0.0,1.0,0.0,1.0,1.0,0.0,1.0,3.0
1.0,0.0,1.0,180.0,10.0,10.0,8.0,2.0,124.096,0.0,0.0,1.0,1.0,0.0,0.0,0.0,0.0,1.0,0.0,0.0,1.0,0.0,17.07,1.0,5.0,0.0,0.0,0.0,0.0,0.0,0.0,0.0,0.0,0.0,0.0,0.0,0.0,0.0,5.0,2.0,0.0,0.0,0.0,0.0,2.0,1.0,0.0,0.0,0.0,1.0,5.0
0.0,0.0,0.0,168.0,8.0,7.0,6.0,2.0,104.063,0.0,0.0,2.0,0.0,0.0,0.0,0.0,1.0,2.0,0.0,0.0,0.0,1.0,37.3,20.0,40.0,0.0,0.0,15.0,2.0,0.0,0.0,2.0,0.0,0.0,0.0,0.0,0.0,0.0,0.0,0.0,0.0,0.0,0.0,0.0,5.0,2.0,0.0,0.0,1.0,0.0,8.0
1.0,0.0,1.0,216.0,11.0,11.0,10.0,2.0,140.095,0.0,0.0,2.0,0.0,0.0,0.0,0.0,1.0,2.0,0.0,0.0,0.0,1.0,37.3,1.0,10.0,0.0,0.0,3.0,2.0,0.0,0.0,2.0,0.0,0.0,0.0,0.0,0.0,0.0,3.0,6.0,0.0,0.0,2.0,0.0,2.0,2.0,0.0,0.0,1.0,1.0,6.0
1.0,0.0,1.0,274.0,11.0,11.0,8.0,1.0,152.065,0.0,0.0,6.0,0.0,0.0,0.0,0.0,1.0,4.0,0.0,0.0,1.0,1.0,103.02,0.0,0.0,0.0,0.0,0.0,26.0,26.0,0.0,10.0,2.0,0.0,6.0,0.0,0.0,0.0,0.0,6.0,0.0,0.0,1.0,0.0,0.0,4.0,2.0,0.0,1.0,1.0,6.0
1.0,1.0,1.0,285.0,9.0,9.0,4.0,0.0,569.6659999999998,0.0,0.0,1.0,0.0,0.0,0.0,0.0,0.0,0.0,0.0,0.0,0.0,0.0,15.79,21.0,0.0,10.0,0.0,0.0,0.0,0.0,0.0,0.0,0.0,0.0,0.0,0.0,0.0,0.0,4.0,0.0,0.0,0.0,0.0,0.0,4.0,0.0,1.0,0.0,0.0,1.0,5.0
0.0,0.0,0.0,118.0,5.0,4.0,2.0,1.0,68.0344,0.0,0.0,3.0,0.0,0.0,0.0,0.0,0.0,1.0,0.0,0.0,0.0,0.0,55.12,0.0,0.0,0.0,0.0,0.0,0.0,4.0,2.0,0.0,2.0,2.0,0.0,0.0,0.0,0.0,0.0,0.0,0.0,0.0,0.0,0.0,0.0,1.0,2.0,1.0,0.0,0.0,5.0
0.0,0.0,0.0,96.0,6.0,5.0,2.0,2.0,72.0642,0.0,0.0,0.0,1.0,1.0,0.0,0.0,0.0,0.0,0.0,0.0,0.0,0.0,0.0,32.0,0.0,0.0,0.0,0.0,0.0,0.0,0.0,0.0,0.0,0.0,0.0,0.0,0.0,0.0,0.0,0.0,0.0,0.0,0.0,0.0,6.0,0.0,0.0,0.0,0.0,0.0,6.0
2.0,0.0,2.0,228.0,13.0,14.0,12.0,1.0,160.128,0.0,0.0,1.0,0.0,0.0,0.0,0.0,0.0,1.0,0.0,0.0,0.0,0.0,20.23,0.0,0.0,0.0,0.0,0.0,0.0,0.0,0.0,0.0,0.0,0.0,0.0,0.0,0.0,0.0,0.0,6.0,6.0,0.0,0.0,1.0,0.0,1.0,1.0,0.0,0.0,2.0,3.0
0.0,0.0,0.0,166.0,8.0,7.0,2.0,4.0,120.132,0.0,0.0,2.0,0.0,0.0,0.0,0.0,0.0,0.0,0.0,0.0,0.0,0.0,24.06,6.0,0.0,12.0,0.0,0.0,0.0,0.0,0.0,0.0,2.0,0.0,0.0,0.0,0.0,0.0,0.0,0.0,0.0,0.0,0.0,0.0,2.0,0.0,2.0,0.0,0.0,0.0,8.0
0.0,0.0,0.0,309.0,9.0,8.0,4.0,1.0,225.308,0.0,0.0,0.0,0.0,0.0,0.0,0.0,0.0,0.0,0.0,0.0,0.0,0.0,0.0,50.0,88.0,0.0,0.0,0.0,38.0,0.0,0.0,0.0,0.0,0.0,0.0,0.0,0.0,0.0,0.0,0.0,0.0,0.0,0.0,0.0,6.0,5.0,0.0,0.0,0.0,0.0,9.0
1.0,0.0,0.0,160.0,10.0,10.0,4.0,1.0,120.107,0.0,0.0,0.0,3.0,1.0,0.0,0.0,0.0,0.0,0.0,0.0,0.0,0.0,0.0,120.0,0.0,0.0,0.0,0.0,0.0,0.0,0.0,0.0,0.0,0.0,0.0,0.0,0.0,0.0,0.0,0.0,0.0,0.0,0.0,0.0,10.0,0.0,0.0,0.0,0.0,0.0,5.0
1.0,0.0,1.0,214.0,11.0,11.0,8.0,3.0,140.099,0.0,0.0,3.0,0.0,0.0,0.0,0.0,0.0,1.0,0.0,0.0,0.0,0.0,55.12,0.0,0.0,0.0,0.0,0.0,0.0,4.0,2.0,0.0,2.0,2.0,0.0,0.0,0.0,0.0,0.0,4.0,6.0,4.0,0.0,0.0,0.0,1.0,2.0,1.0,0.0,1.0,6.0
5.0,2.0,2.0,629.0,30.0,34.0,14.0,4.0,390.23800000000006,0.0,0.0,8.0,1.0,0.0,0.0,0.0,0.0,1.0,0.0,0.0,1.0,0.0,75.69,0.0,44.0,0.0,0.0,0.0,167.0,0.0,0.0,0.0,0.0,0.0,0.0,0.0,0.0,0.0,6.0,53.0,0.0,0.0,0.0,3.0,1.0,8.0,0.0,0.0,0.0,2.0,10.0
4.0,1.0,4.0,574.0,28.0,31.0,22.0,5.0,363.25,0.0,0.0,3.0,0.0,0.0,0.0,0.0,0.0,0.0,0.0,0.0,0.0,0.0,30.71,0.0,0.0,0.0,0.0,0.0,74.0,0.0,0.0,0.0,0.0,0.0,0.0,0.0,0.0,0.0,0.0,87.0,0.0,0.0,0.0,12.0,0.0,6.0,0.0,0.0,0.0,4.0,9.0
0.0,0.0,0.0,196.0,11.0,10.0,6.0,4.0,136.106,0.0,0.0,1.0,2.0,0.0,0.0,0.0,0.0,1.0,0.0,0.0,0.0,0.0,17.07,108.0,47.0,0.0,0.0,0.0,0.0,0.0,0.0,0.0,0.0,0.0,0.0,0.0,0.0,0.0,0.0,0.0,0.0,0.0,0.0,0.0,9.0,1.0,0.0,0.0,0.0,0.0,11.0
1.0,1.0,0.0,96.0,6.0,6.0,0.0,0.0,72.0642,0.0,0.0,0.0,4.0,1.0,0.0,0.0,0.0,0.0,0.0,0.0,0.0,0.0,0.0,26.0,0.0,0.0,0.0,0.0,0.0,0.0,0.0,0.0,0.0,0.0,0.0,0.0,0.0,0.0,0.0,0.0,0.0,0.0,0.0,0.0,6.0,0.0,0.0,0.0,0.0,0.0,2.0
5.0,1.0,5.0,345.0,21.0,25.0,20.0,0.0,254.221,0.0,0.0,1.0,0.0,0.0,0.0,0.0,0.0,0.0,0.0,0.0,0.0,0.0,15.79,0.0,0.0,0.0,0.0,0.0,0.0,0.0,0.0,0.0,0.0,0.0,0.0,0.0,0.0,0.0,0.0,0.0,6.0,0.0,0.0,13.0,0.0,0.0,1.0,0.0,0.0,5.0,1.0
1.0,0.0,1.0,377.0,12.0,12.0,6.0,0.0,265.329,0.0,0.0,1.0,0.0,0.0,0.0,0.0,0.0,1.0,0.0,0.0,0.0,0.0,20.23,38.0,95.0,19.0,0.0,0.0,57.0,19.0,0.0,0.0,0.0,0.0,0.0,0.0,0.0,0.0,5.0,6.0,1.0,0.0,0.0,0.0,5.0,6.0,1.0,0.0,0.0,1.0,7.0
1.0,0.0,1.0,340.0,15.0,15.0,10.0,4.0,200.104,0.0,0.0,5.0,0.0,0.0,0.0,0.0,1.0,3.0,0.0,0.0,2.0,1.0,72.83,0.0,0.0,0.0,0.0,0.0,44.0,0.0,0.0,13.0,0.0,0.0,0.0,0.0,0.0,0.0,0.0,8.0,0.0,0.0,1.0,0.0,0.0,5.0,0.0,0.0,1.0,1.0,10.0
0.0,0.0,0.0,254.0,11.0,10.0,4.0,5.0,148.076,0.0,0.0,5.0,2.0,0.0,0.0,0.0,1.0,3.0,0.0,0.0,0.0,1.0,69.64,1.0,22.0,5.0,0.0,3.0,27.0,13.0,0.0,11.0,0.0,0.0,4.0,0.0,0.0,0.0,0.0,0.0,0.0,0.0,0.0,0.0,2.0,4.0,1.0,0.0,1.0,0.0,11.0
1.0,0.0,0.0,196.0,11.0,11.0,2.0,1.0,136.106,0.0,0.0,1.0,3.0,3.0,0.0,0.0,0.0,1.0,0.0,0.0,0.0,0.0,17.07,100.0,29.0,0.0,0.0,0.0,0.0,0.0,0.0,0.0,0.0,0.0,0.0,0.0,0.0,0.0,0.0,0.0,0.0,0.0,0.0,0.0,9.0,1.0,0.0,0.0,0.0,0.0,6.0
1.0,1.0,1.0,134.0,6.0,6.0,4.0,0.0,96.1107,0.0,0.0,2.0,0.0,0.0,0.0,0.0,0.0,0.0,0.0,0.0,0.0,0.0,38.91,0.0,0.0,0.0,0.0,0.0,0.0,2.0,2.0,0.0,0.0,0.0,0.0,0.0,0.0,0.0,0.0,0.0,1.0,1.0,0.0,0.0,0.0,1.0,1.0,1.0,0.0,1.0,2.0
0.0,0.0,0.0,129.0,5.0,4.0,2.0,1.0,70.027,0.0,0.0,3.0,0.0,0.0,0.0,0.0,0.0,1.0,0.0,0.0,0.0,0.0,52.32,0.0,0.0,0.0,0.0,0.0,2.0,4.0,4.0,0.0,0.0,0.0,0.0,0.0,0.0,0.0,0.0,0.0,0.0,0.0,0.0,0.0,0.0,2.0,1.0,1.0,0.0,0.0,5.0
1.0,0.0,1.0,182.0,9.0,9.0,8.0,1.0,116.077,0.0,0.0,3.0,0.0,0.0,0.0,0.0,0.0,1.0,0.0,0.0,1.0,0.0,55.98,0.0,0.0,0.0,0.0,0.0,4.0,6.0,6.0,0.0,0.0,0.0,0.0,0.0,0.0,0.0,0.0,2.0,2.0,2.0,0.0,0.0,0.0,2.0,1.0,1.0,0.0,1.0,4.0
0.0,0.0,0.0,179.0,7.0,6.0,4.0,2.0,98.0406,0.0,0.0,5.0,0.0,0.0,0.0,0.0,0.0,2.0,0.0,0.0,0.0,0.0,75.76,0.0,0.0,0.0,0.0,0.0,13.0,11.0,11.0,0.0,0.0,0.0,0.0,0.0,0.0,0.0,0.0,0.0,0.0,0.0,0.0,0.0,0.0,4.0,1.0,1.0,0.0,0.0,7.0
1.0,0.0,1.0,209.0,10.0,10.0,8.0,1.0,130.08100000000002,0.0,0.0,3.0,0.0,0.0,0.0,0.0,1.0,2.0,0.0,0.0,1.0,1.0,63.32,0.0,0.0,0.0,0.0,0.0,2.0,8.0,8.0,2.0,0.0,0.0,3.0,0.0,3.0,0.0,0.0,4.0,1.0,1.0,1.0,0.0,0.0,2.0,1.0,1.0,1.0,1.0,5.0
1.0,0.0,1.0,272.0,12.0,12.0,10.0,2.0,160.083,0.0,0.0,4.0,0.0,0.0,0.0,0.0,2.0,4.0,0.0,0.0,2.0,2.0,74.6,0.0,0.0,0.0,0.0,0.0,24.0,0.0,0.0,20.0,0.0,0.0,0.0,0.0,0.0,3.0,0.0,8.0,0.0,0.0,2.0,0.0,0.0,4.0,0.0,0.0,2.0,1.0,7.0
4.0,0.0,2.0,532.0,27.0,30.0,12.0,6.0,377.762,0.0,0.0,4.0,1.0,0.0,0.0,0.0,1.0,1.0,0.0,0.0,0.0,0.0,29.95,16.0,98.0,35.0,0.0,0.0,70.0,33.0,0.0,0.0,0.0,0.0,0.0,0.0,0.0,0.0,14.0,56.0,22.0,0.0,0.0,2.0,3.0,5.0,1.0,0.0,0.0,2.0,9.0
3.0,1.0,2.0,347.0,20.0,22.0,14.0,5.0,246.202,0.0,0.0,3.0,0.0,0.0,0.0,0.0,0.0,0.0,1.0,0.0,0.0,0.0,27.63,0.0,0.0,0.0,0.0,0.0,3.0,5.0,0.0,0.0,0.0,0.0,0.0,0.0,0.0,0.0,0.0,12.0,9.0,0.0,0.0,3.0,0.0,2.0,1.0,0.0,0.0,2.0,6.0
1.0,0.0,1.0,185.0,11.0,11.0,6.0,3.0,134.114,0.0,0.0,1.0,0.0,0.0,0.0,0.0,0.0,0.0,1.0,0.0,0.0,0.0,3.24,4.0,4.0,0.0,0.0,0.0,0.0,0.0,0.0,0.0,0.0,0.0,0.0,0.0,0.0,0.0,6.0,1.0,0.0,0.0,0.0,0.0,2.0,1.0,0.0,0.0,0.0,1.0,6.0
4.0,0.0,2.0,646.0,30.0,33.0,12.0,7.0,411.314,0.0,0.0,4.0,1.0,0.0,0.0,0.0,1.0,1.0,0.0,0.0,0.0,0.0,29.95,5.0,89.0,21.0,0.0,0.0,162.0,64.0,0.0,0.0,0.0,0.0,0.0,0.0,0.0,0.0,8.0,74.0,22.0,0.0,0.0,2.0,2.0,7.0,1.0,0.0,0.0,2.0,12.0
1.0,0.0,1.0,318.0,15.0,15.0,6.0,5.0,213.583,0.0,0.0,5.0,0.0,0.0,0.0,0.0,0.0,0.0,1.0,0.0,0.0,0.0,53.94,38.0,82.0,18.0,0.0,0.0,26.0,16.0,0.0,0.0,0.0,0.0,0.0,0.0,0.0,0.0,10.0,2.0,1.0,0.0,0.0,0.0,4.0,5.0,1.0,0.0,0.0,1.0,10.0
0.0,0.0,0.0,224.0,9.0,8.0,4.0,4.0,124.051,0.0,0.0,4.0,3.0,0.0,0.0,0.0,2.0,4.0,0.0,0.0,0.0,2.0,74.6,4.0,36.0,0.0,0.0,12.0,28.0,0.0,0.0,24.0,0.0,0.0,0.0,0.0,0.0,4.0,0.0,0.0,0.0,0.0,0.0,0.0,3.0,4.0,0.0,0.0,2.0,0.0,9.0
1.0,1.0,0.0,304.0,14.0,14.0,4.0,2.0,184.105,0.0,0.0,4.0,2.0,1.0,0.0,0.0,2.0,4.0,0.0,0.0,0.0,2.0,74.6,56.0,112.0,0.0,0.0,40.0,28.0,0.0,0.0,24.0,0.0,0.0,0.0,0.0,0.0,4.0,0.0,0.0,0.0,0.0,0.0,0.0,8.0,4.0,0.0,0.0,2.0,0.0,10.0
0.0,0.0,0.0,288.0,13.0,12.0,4.0,8.0,172.09400000000005,0.0,0.0,4.0,7.0,0.0,0.0,0.0,2.0,4.0,0.0,0.0,0.0,2.0,74.6,56.0,140.0,0.0,0.0,56.0,44.0,0.0,0.0,40.0,0.0,0.0,0.0,0.0,0.0,8.0,0.0,0.0,0.0,0.0,0.0,0.0,7.0,4.0,0.0,0.0,2.0,0.0,13.0
0.0,0.0,0.0,360.0,15.0,14.0,6.0,5.0,204.093,0.0,0.0,6.0,1.0,0.0,0.0,0.0,3.0,6.0,0.0,0.0,0.0,3.0,111.9,29.0,122.0,0.0,0.0,43.0,70.0,0.0,0.0,58.0,0.0,0.0,0.0,0.0,0.0,10.0,0.0,0.0,0.0,0.0,0.0,0.0,6.0,6.0,0.0,0.0,3.0,0.0,15.0
2.0,0.0,2.0,331.0,19.0,20.0,12.0,6.0,234.192,0.0,0.0,3.0,0.0,0.0,0.0,0.0,0.0,0.0,1.0,0.0,0.0,0.0,19.37,0.0,0.0,0.0,0.0,0.0,10.0,0.0,0.0,0.0,0.0,0.0,0.0,0.0,0.0,0.0,0.0,16.0,0.0,0.0,0.0,3.0,0.0,3.0,0.0,0.0,0.0,2.0,9.0
2.0,0.0,2.0,499.0,20.0,21.0,12.0,3.0,294.595,0.0,0.0,4.0,0.0,0.0,0.0,0.0,0.0,1.0,0.0,0.0,0.0,0.0,46.92,0.0,34.0,3.0,0.0,0.0,100.0,41.0,0.0,0.0,0.0,0.0,0.0,0.0,0.0,0.0,5.0,33.0,6.0,0.0,0.0,1.0,1.0,7.0,1.0,0.0,0.0,2.0,10.0
2.0,0.0,2.0,493.0,21.0,22.0,16.0,5.0,301.611,0.0,0.0,4.0,0.0,0.0,0.0,0.0,0.0,2.0,0.0,0.0,1.0,0.0,58.2,0.0,38.0,12.0,0.0,0.0,66.0,42.0,0.0,0.0,2.0,0.0,0.0,0.0,0.0,0.0,10.0,40.0,10.0,0.0,0.0,5.0,1.0,5.0,2.0,0.0,0.0,2.0,11.0
3.0,0.0,2.0,460.0,21.0,23.0,16.0,1.0,311.079,0.0,0.0,4.0,0.0,0.0,0.0,0.0,1.0,2.0,0.0,0.0,0.0,0.0,61.69,7.0,50.0,24.0,0.0,0.0,51.0,37.0,0.0,0.0,3.0,0.0,0.0,0.0,0.0,0.0,11.0,31.0,13.0,0.0,0.0,2.0,2.0,5.0,2.0,0.0,0.0,2.0,6.0
3.0,1.0,3.0,439.0,22.0,24.0,18.0,5.0,282.19,0.0,0.0,6.0,0.0,0.0,0.0,0.0,0.0,2.0,0.0,0.0,2.0,0.0,84.08,0.0,0.0,0.0,0.0,0.0,34.0,28.0,0.0,0.0,2.0,0.0,0.0,0.0,0.0,0.0,0.0,49.0,17.0,0.0,0.0,6.0,0.0,4.0,2.0,0.0,0.0,3.0,9.0
2.0,0.0,1.0,472.0,19.0,20.0,14.0,3.0,312.492,0.0,0.0,4.0,0.0,0.0,0.0,0.0,0.0,3.0,0.0,0.0,2.0,0.0,63.24,14.0,72.0,9.0,0.0,0.0,74.0,18.0,0.0,0.0,0.0,0.0,0.0,0.0,0.0,0.0,15.0,24.0,3.0,0.0,0.0,0.0,3.0,6.0,1.0,0.0,0.0,1.0,10.0
2.0,1.0,2.0,404.0,18.0,19.0,8.0,3.0,240.132,0.0,0.0,8.0,0.0,0.0,0.0,0.0,2.0,4.0,0.0,0.0,0.0,0.0,102.28,0.0,0.0,0.0,0.0,0.0,123.0,80.0,0.0,0.0,3.0,0.0,0.0,0.0,0.0,0.0,0.0,28.0,16.0,0.0,0.0,0.0,0.0,8.0,2.0,0.0,0.0,2.0,10.0
2.0,0.0,2.0,411.0,20.0,21.0,14.0,5.0,275.626,0.0,0.0,4.0,0.0,0.0,0.0,0.0,0.0,1.0,0.0,0.0,0.0,0.0,41.57,0.0,29.0,10.0,0.0,0.0,45.0,19.0,0.0,0.0,0.0,0.0,0.0,0.0,0.0,0.0,7.0,31.0,7.0,0.0,0.0,2.0,1.0,4.0,1.0,0.0,0.0,2.0,10.0
2.0,0.0,2.0,414.0,21.0,22.0,14.0,6.0,268.183,0.0,0.0,5.0,0.0,0.0,0.0,0.0,0.0,1.0,0.0,0.0,0.0,0.0,50.8,0.0,0.0,0.0,0.0,0.0,45.0,19.0,0.0,0.0,0.0,0.0,0.0,0.0,0.0,0.0,0.0,31.0,7.0,0.0,0.0,2.0,0.0,4.0,1.0,0.0,0.0,2.0,11.0
3.0,0.0,3.0,456.0,22.0,24.0,18.0,3.0,319.101,0.0,0.0,3.0,0.0,0.0,0.0,0.0,1.0,1.0,0.0,0.0,0.0,0.0,46.01,8.0,54.0,10.0,0.0,0.0,56.0,18.0,0.0,0.0,0.0,0.0,0.0,0.0,0.0,0.0,22.0,44.0,6.0,0.0,0.0,6.0,2.0,5.0,1.0,0.0,0.0,3.0,7.0
2.0,1.0,1.0,393.0,19.0,20.0,8.0,5.0,246.154,0.0,0.0,5.0,1.0,0.0,0.0,0.0,1.0,2.0,0.0,0.0,0.0,0.0,67.79,5.0,36.0,16.0,0.0,0.0,37.0,35.0,0.0,0.0,3.0,0.0,0.0,0.0,0.0,0.0,7.0,16.0,8.0,0.0,0.0,0.0,2.0,4.0,2.0,0.0,0.0,1.0,10.0
4.0,0.0,2.0,594.0,28.0,31.0,12.0,5.0,383.304,0.0,0.0,3.0,1.0,0.0,0.0,0.0,0.0,0.0,0.0,0.0,0.0,0.0,9.72,5.0,68.0,0.0,0.0,0.0,98.0,0.0,0.0,0.0,0.0,0.0,0.0,0.0,0.0,0.0,8.0,52.0,0.0,0.0,0.0,2.0,2.0,6.0,0.0,0.0,0.0,2.0,10.0
3.0,0.0,2.0,368.0,18.0,20.0,16.0,0.0,232.147,0.0,0.0,4.0,0.0,0.0,0.0,0.0,0.0,4.0,0.0,0.0,4.0,0.0,74.6,0.0,0.0,0.0,0.0,0.0,28.0,26.0,0.0,0.0,3.0,0.0,0.0,0.0,0.0,0.0,0.0,19.0,11.0,0.0,0.0,2.0,0.0,4.0,2.0,0.0,0.0,2.0,5.0
3.0,1.0,3.0,465.0,22.0,24.0,16.0,4.0,288.187,0.0,0.0,4.0,0.0,0.0,0.0,0.0,1.0,1.0,0.0,0.0,0.0,0.0,50.94,0.0,0.0,0.0,0.0,0.0,77.0,22.0,0.0,0.0,0.0,0.0,0.0,0.0,0.0,0.0,0.0,55.0,7.0,0.0,0.0,8.0,0.0,6.0,1.0,0.0,0.0,3.0,8.0
0.0,0.0,0.0,93.0,4.0,3.0,2.0,0.0,54.0276,0.0,0.0,2.0,0.0,0.0,0.0,0.0,0.0,1.0,0.0,0.0,0.0,0.0,43.09,0.0,2.0,2.0,2.0,0.0,0.0,2.0,2.0,0.0,0.0,0.0,0.0,0.0,0.0,0.0,0.0,0.0,0.0,0.0,0.0,0.0,1.0,1.0,1.0,1.0,0.0,0.0,4.0
1.0,0.0,1.0,209.0,10.0,10.0,8.0,1.0,130.08100000000002,0.0,0.0,3.0,0.0,0.0,0.0,0.0,1.0,2.0,0.0,0.0,1.0,1.0,63.32,0.0,0.0,0.0,0.0,0.0,2.0,12.0,12.0,2.0,0.0,0.0,5.0,0.0,5.0,0.0,0.0,4.0,1.0,1.0,1.0,0.0,0.0,2.0,1.0,1.0,1.0,1.0,5.0
4.0,0.0,4.0,640.0,30.0,33.0,22.0,5.0,392.231,0.0,0.0,8.0,0.0,1.0,0.0,0.0,0.0,5.0,0.0,0.0,0.0,0.0,127.18,4.0,70.0,20.0,0.0,0.0,136.0,72.0,0.0,0.0,6.0,0.0,0.0,0.0,0.0,0.0,32.0,108.0,26.0,0.0,0.0,16.0,2.0,8.0,2.0,0.0,0.0,4.0,12.0
0.0,0.0,0.0,66.0,3.0,2.0,0.0,0.0,40.0243,0.0,0.0,2.0,0.0,0.0,0.0,0.0,0.0,0.0,0.0,0.0,0.0,0.0,38.05,0.0,0.0,0.0,0.0,0.0,0.0,0.0,0.0,0.0,1.0,1.0,0.0,0.0,0.0,0.0,0.0,0.0,0.0,0.0,0.0,0.0,0.0,0.0,2.0,1.0,0.0,0.0,3.0
0.0,0.0,0.0,132.0,6.0,5.0,5.0,0.0,80.0486,0.0,0.0,4.0,0.0,0.0,0.0,0.0,0.0,0.0,0.0,0.0,0.0,0.0,88.19,0.0,0.0,0.0,0.0,0.0,2.0,12.0,12.0,0.0,2.0,4.0,0.0,2.0,0.0,0.0,0.0,0.0,0.0,0.0,0.0,0.0,0.0,2.0,2.0,2.0,0.0,0.0,6.0
0.0,0.0,0.0,290.0,12.0,11.0,4.0,5.0,228.338,0.0,0.0,2.0,0.0,0.0,0.0,0.0,0.0,0.0,0.0,0.0,0.0,0.0,6.48,0.0,0.0,0.0,0.0,0.0,5.0,0.0,0.0,0.0,0.0,0.0,0.0,0.0,0.0,0.0,0.0,0.0,0.0,0.0,0.0,0.0,0.0,2.0,0.0,0.0,0.0,0.0,12.0
0.0,0.0,0.0,354.0,16.0,15.0,4.0,9.0,276.381,0.0,0.0,2.0,0.0,0.0,0.0,0.0,0.0,0.0,0.0,0.0,0.0,0.0,6.48,44.0,36.0,0.0,0.0,0.0,5.0,0.0,0.0,0.0,0.0,0.0,0.0,0.0,0.0,0.0,0.0,0.0,0.0,0.0,0.0,0.0,4.0,2.0,0.0,0.0,0.0,0.0,16.0
0.0,0.0,0.0,326.0,8.0,7.0,0.0,1.0,170.919,0.0,0.0,0.0,0.0,0.0,0.0,0.0,0.0,0.0,0.0,0.0,0.0,0.0,0.0,3.0,26.0,0.0,0.0,0.0,39.0,0.0,0.0,0.0,0.0,0.0,0.0,0.0,0.0,0.0,0.0,0.0,0.0,0.0,0.0,0.0,2.0,6.0,0.0,0.0,0.0,0.0,8.0
1.0,0.0,1.0,278.0,15.0,15.0,8.0,4.0,188.141,0.0,0.0,3.0,0.0,1.0,0.0,0.0,0.0,1.0,0.0,0.0,0.0,0.0,32.34,4.0,46.0,17.0,0.0,0.0,2.0,4.0,0.0,0.0,0.0,0.0,0.0,0.0,0.0,0.0,5.0,6.0,1.0,0.0,0.0,0.0,3.0,2.0,1.0,0.0,0.0,1.0,10.0
0.0,0.0,0.0,212.0,5.0,4.0,0.0,0.0,331.6269999999999,0.0,0.0,0.0,0.0,0.0,0.0,0.0,0.0,0.0,0.0,0.0,0.0,0.0,0.0,12.0,0.0,0.0,0.0,0.0,0.0,0.0,0.0,0.0,0.0,0.0,0.0,0.0,0.0,0.0,0.0,0.0,0.0,0.0,0.0,0.0,4.0,0.0,0.0,0.0,0.0,0.0,5.0
0.0,0.0,0.0,264.0,14.0,13.0,2.0,10.0,176.127,0.0,0.0,2.0,10.0,0.0,0.0,0.0,1.0,2.0,0.0,0.0,0.0,1.0,37.3,220.0,154.0,0.0,0.0,66.0,2.0,0.0,0.0,2.0,0.0,0.0,0.0,0.0,0.0,0.0,0.0,0.0,0.0,0.0,0.0,0.0,11.0,2.0,0.0,0.0,1.0,0.0,14.0
2.0,0.0,2.0,360.0,20.0,21.0,16.0,3.0,248.191,0.0,0.0,2.0,0.0,0.0,0.0,0.0,0.0,2.0,0.0,0.0,0.0,0.0,40.46,35.0,78.0,78.0,0.0,0.0,11.0,22.0,0.0,0.0,11.0,0.0,0.0,0.0,0.0,0.0,30.0,16.0,16.0,0.0,0.0,3.0,6.0,2.0,2.0,0.0,0.0,2.0,10.0
0.0,0.0,0.0,65.0,2.0,1.0,0.0,0.0,138.915,0.0,0.0,0.0,0.0,0.0,0.0,0.0,0.0,0.0,0.0,0.0,0.0,0.0,0.0,0.0,0.0,0.0,0.0,0.0,0.0,0.0,0.0,0.0,0.0,0.0,0.0,0.0,0.0,0.0,0.0,0.0,0.0,0.0,0.0,0.0,1.0,0.0,0.0,0.0,0.0,0.0,2.0
3.0,0.0,2.0,358.0,20.0,22.0,12.0,4.0,264.26,0.0,0.0,2.0,1.0,0.0,0.0,0.0,0.0,0.0,0.0,0.0,0.0,0.0,6.48,5.0,14.0,0.0,0.0,0.0,4.0,0.0,0.0,0.0,0.0,0.0,0.0,0.0,0.0,0.0,8.0,12.0,0.0,0.0,0.0,2.0,2.0,2.0,0.0,0.0,0.0,2.0,7.0
3.0,0.0,3.0,288.0,18.0,20.0,18.0,2.0,216.193,0.0,0.0,0.0,0.0,0.0,0.0,0.0,0.0,0.0,0.0,0.0,0.0,0.0,0.0,0.0,0.0,0.0,0.0,0.0,0.0,0.0,0.0,0.0,0.0,0.0,0.0,0.0,0.0,0.0,0.0,0.0,0.0,0.0,0.0,7.0,0.0,0.0,0.0,0.0,0.0,3.0,3.0
1.0,0.0,1.0,393.0,16.0,16.0,8.0,4.0,221.114,0.0,0.0,3.0,0.0,0.0,0.0,0.0,0.0,1.0,0.0,0.0,0.0,0.0,32.34,0.0,0.0,0.0,0.0,0.0,50.0,19.0,0.0,0.0,0.0,0.0,0.0,0.0,0.0,0.0,0.0,12.0,1.0,0.0,0.0,0.0,0.0,5.0,1.0,0.0,0.0,1.0,11.0
2.0,0.0,2.0,411.0,17.0,18.0,12.0,2.0,282.486,0.0,0.0,2.0,0.0,0.0,0.0,0.0,0.0,1.0,0.0,0.0,0.0,0.0,29.46,22.0,75.0,18.0,0.0,0.0,56.0,21.0,0.0,0.0,0.0,0.0,0.0,0.0,0.0,0.0,19.0,26.0,5.0,0.0,0.0,2.0,3.0,5.0,1.0,0.0,0.0,2.0,7.0
2.0,1.0,2.0,319.0,17.0,18.0,10.0,2.0,214.159,0.0,0.0,4.0,0.0,0.0,0.0,0.0,0.0,1.0,1.0,0.0,0.0,0.0,30.17,0.0,12.0,0.0,0.0,0.0,15.0,0.0,0.0,0.0,0.0,0.0,0.0,0.0,0.0,0.0,5.0,12.0,0.0,0.0,0.0,1.0,1.0,4.0,0.0,0.0,0.0,2.0,8.0
3.0,0.0,3.0,404.0,19.0,21.0,14.0,1.0,248.147,0.0,0.0,5.0,0.0,0.0,0.0,0.0,0.0,3.0,0.0,0.0,0.0,0.0,79.9,0.0,0.0,0.0,0.0,0.0,52.0,45.0,0.0,0.0,7.0,0.0,0.0,0.0,0.0,0.0,0.0,32.0,16.0,0.0,0.0,2.0,0.0,5.0,2.0,0.0,0.0,3.0,6.0
1.0,1.0,0.0,374.0,11.0,11.0,4.0,0.0,272.772,0.0,0.0,0.0,0.0,0.0,0.0,0.0,0.0,0.0,0.0,0.0,0.0,0.0,0.0,51.0,102.0,0.0,0.0,0.0,51.0,0.0,0.0,0.0,0.0,0.0,0.0,0.0,0.0,0.0,0.0,0.0,0.0,0.0,0.0,0.0,6.0,6.0,0.0,0.0,0.0,0.0,7.0
0.0,0.0,0.0,176.0,6.0,5.0,4.0,1.0,88.01899999999998,0.0,0.0,4.0,0.0,0.0,0.0,0.0,2.0,4.0,0.0,0.0,0.0,2.0,74.6,0.0,0.0,0.0,0.0,0.0,16.0,0.0,0.0,12.0,0.0,0.0,0.0,0.0,0.0,1.0,0.0,0.0,0.0,0.0,0.0,0.0,0.0,4.0,0.0,0.0,2.0,0.0,6.0
3.0,0.0,2.0,521.0,24.0,26.0,12.0,5.0,333.265,0.0,0.0,2.0,1.0,0.0,0.0,0.0,0.0,0.0,0.0,0.0,0.0,0.0,6.48,5.0,53.0,0.0,0.0,0.0,52.0,0.0,0.0,0.0,0.0,0.0,0.0,0.0,0.0,0.0,8.0,36.0,0.0,0.0,0.0,2.0,2.0,5.0,0.0,0.0,0.0,2.0,11.0
0.0,0.0,0.0,184.0,9.0,8.0,4.0,4.0,116.074,0.0,0.0,2.0,0.0,1.0,0.0,0.0,0.0,1.0,0.0,0.0,0.0,0.0,26.3,36.0,32.0,0.0,0.0,0.0,2.0,0.0,0.0,0.0,0.0,0.0,0.0,0.0,0.0,0.0,0.0,0.0,0.0,0.0,0.0,0.0,5.0,2.0,0.0,0.0,0.0,0.0,9.0
0.0,0.0,0.0,195.0,6.0,5.0,0.0,2.0,231.293,0.0,0.0,0.0,0.0,0.0,0.0,0.0,0.0,0.0,0.0,0.0,0.0,0.0,0.0,10.0,7.0,0.0,0.0,0.0,0.0,0.0,0.0,0.0,0.0,0.0,0.0,0.0,0.0,0.0,0.0,0.0,0.0,0.0,0.0,0.0,3.0,1.0,0.0,0.0,0.0,0.0,6.0
3.0,0.0,2.0,365.0,21.0,23.0,14.0,3.0,258.209,0.0,0.0,2.0,1.0,0.0,0.0,0.0,0.0,0.0,0.0,0.0,0.0,0.0,12.47,4.0,21.0,0.0,0.0,0.0,7.0,0.0,0.0,0.0,0.0,0.0,0.0,0.0,0.0,0.0,12.0,13.0,0.0,0.0,0.0,2.0,3.0,2.0,0.0,0.0,0.0,2.0,7.0
0.0,0.0,0.0,129.0,6.0,5.0,0.0,3.0,95.5065,0.0,0.0,0.0,3.0,0.0,0.0,0.0,0.0,0.0,0.0,0.0,0.0,0.0,0.0,24.0,14.0,0.0,0.0,0.0,0.0,0.0,0.0,0.0,0.0,0.0,0.0,0.0,0.0,0.0,0.0,0.0,0.0,0.0,0.0,0.0,5.0,1.0,0.0,0.0,0.0,0.0,6.0
0.0,0.0,0.0,326.0,8.0,7.0,0.0,1.0,187.374,0.0,0.0,0.0,0.0,0.0,0.0,0.0,0.0,0.0,0.0,0.0,0.0,0.0,0.0,8.0,39.0,0.0,0.0,0.0,39.0,0.0,0.0,0.0,0.0,0.0,0.0,0.0,0.0,0.0,0.0,0.0,0.0,0.0,0.0,0.0,3.0,6.0,0.0,0.0,0.0,0.0,8.0
0.0,0.0,0.0,277.0,7.0,6.0,0.0,1.0,201.286,0.0,0.0,0.0,0.0,0.0,0.0,0.0,0.0,0.0,0.0,0.0,0.0,0.0,0.0,26.0,52.0,0.0,0.0,0.0,26.0,0.0,0.0,0.0,0.0,0.0,0.0,0.0,0.0,0.0,0.0,0.0,0.0,0.0,0.0,0.0,5.0,5.0,0.0,0.0,0.0,0.0,7.0
0.0,0.0,0.0,129.0,6.0,5.0,0.0,1.0,95.5065,0.0,0.0,0.0,1.0,0.0,0.0,0.0,0.0,0.0,0.0,0.0,0.0,0.0,0.0,22.0,9.0,0.0,0.0,0.0,0.0,0.0,0.0,0.0,0.0,0.0,0.0,0.0,0.0,0.0,0.0,0.0,0.0,0.0,0.0,0.0,5.0,1.0,0.0,0.0,0.0,0.0,6.0
0.0,0.0,0.0,96.0,6.0,5.0,0.0,2.0,72.0642,0.0,0.0,0.0,2.0,1.0,0.0,0.0,0.0,0.0,0.0,0.0,0.0,0.0,0.0,32.0,0.0,0.0,0.0,0.0,0.0,0.0,0.0,0.0,0.0,0.0,0.0,0.0,0.0,0.0,0.0,0.0,0.0,0.0,0.0,0.0,6.0,0.0,0.0,0.0,0.0,0.0,6.0
3.0,0.0,2.0,358.0,20.0,22.0,12.0,3.0,264.26,0.0,0.0,2.0,0.0,0.0,0.0,0.0,0.0,0.0,0.0,0.0,0.0,0.0,6.48,6.0,14.0,0.0,0.0,0.0,3.0,0.0,0.0,0.0,0.0,0.0,0.0,0.0,0.0,0.0,10.0,10.0,0.0,0.0,0.0,2.0,2.0,2.0,0.0,0.0,0.0,2.0,7.0
0.0,0.0,0.0,358.0,10.0,9.0,4.0,1.0,260.761,0.0,0.0,0.0,0.0,0.0,0.0,0.0,0.0,0.0,0.0,0.0,0.0,0.0,0.0,55.0,110.0,0.0,0.0,0.0,55.0,0.0,0.0,0.0,0.0,0.0,0.0,0.0,0.0,0.0,0.0,0.0,0.0,0.0,0.0,0.0,6.0,6.0,0.0,0.0,0.0,0.0,10.0
0.0,0.0,0.0,163.0,4.0,3.0,0.0,0.0,251.723,0.0,0.0,0.0,0.0,0.0,0.0,0.0,0.0,0.0,0.0,0.0,0.0,0.0,0.0,6.0,0.0,0.0,0.0,0.0,0.0,0.0,0.0,0.0,0.0,0.0,0.0,0.0,0.0,0.0,0.0,0.0,0.0,0.0,0.0,0.0,3.0,0.0,0.0,0.0,0.0,0.0,4.0
0.0,0.0,0.0,113.0,5.0,4.0,0.0,1.0,127.947,0.0,0.0,0.0,0.0,1.0,0.0,0.0,0.0,0.0,0.0,0.0,0.0,0.0,0.0,12.0,0.0,0.0,0.0,0.0,0.0,0.0,0.0,0.0,0.0,0.0,0.0,0.0,0.0,0.0,0.0,0.0,0.0,0.0,0.0,0.0,4.0,0.0,0.0,0.0,0.0,0.0,5.0
0.0,0.0,0.0,326.0,8.0,7.0,0.0,1.0,236.739,0.0,0.0,0.0,0.0,0.0,0.0,0.0,0.0,0.0,0.0,0.0,0.0,0.0,0.0,39.0,78.0,0.0,0.0,0.0,39.0,0.0,0.0,0.0,0.0,0.0,0.0,0.0,0.0,0.0,0.0,0.0,0.0,0.0,0.0,0.0,6.0,6.0,0.0,0.0,0.0,0.0,8.0
1.0,0.0,1.0,243.0,9.0,9.0,6.0,0.0,311.776,0.0,0.0,0.0,0.0,0.0,0.0,0.0,0.0,0.0,0.0,0.0,0.0,0.0,0.0,10.0,0.0,0.0,0.0,0.0,0.0,0.0,0.0,0.0,0.0,0.0,0.0,0.0,0.0,0.0,3.0,0.0,0.0,0.0,0.0,0.0,3.0,0.0,0.0,0.0,0.0,1.0,4.0
1.0,0.0,1.0,194.0,8.0,8.0,6.0,0.0,231.872,0.0,0.0,0.0,0.0,0.0,0.0,0.0,0.0,0.0,0.0,0.0,0.0,0.0,0.0,3.0,0.0,0.0,0.0,0.0,0.0,0.0,0.0,0.0,0.0,0.0,0.0,0.0,0.0,0.0,2.0,0.0,0.0,0.0,0.0,0.0,2.0,0.0,0.0,0.0,0.0,1.0,3.0
0.0,0.0,0.0,208.0,8.0,7.0,4.0,3.0,112.04,0.0,0.0,4.0,2.0,0.0,0.0,0.0,2.0,4.0,0.0,0.0,0.0,2.0,74.6,1.0,20.0,0.0,0.0,6.0,24.0,0.0,0.0,20.0,0.0,0.0,0.0,0.0,0.0,3.0,0.0,0.0,0.0,0.0,0.0,0.0,2.0,4.0,0.0,0.0,2.0,0.0,8.0
0.0,0.0,0.0,240.0,10.0,9.0,4.0,5.0,136.062,0.0,0.0,4.0,4.0,0.0,0.0,0.0,2.0,4.0,0.0,0.0,0.0,2.0,74.6,10.0,56.0,0.0,0.0,20.0,32.0,0.0,0.0,28.0,0.0,0.0,0.0,0.0,0.0,5.0,0.0,0.0,0.0,0.0,0.0,0.0,4.0,4.0,0.0,0.0,2.0,0.0,10.0
1.0,0.0,1.0,153.0,9.0,9.0,6.0,1.0,110.092,0.0,0.0,1.0,0.0,0.0,0.0,0.0,0.0,0.0,1.0,0.0,0.0,0.0,3.24,0.0,0.0,0.0,0.0,0.0,0.0,0.0,0.0,0.0,0.0,0.0,0.0,0.0,0.0,0.0,0.0,1.0,0.0,0.0,0.0,0.0,0.0,1.0,0.0,0.0,0.0,1.0,4.0
1.0,0.0,0.0,96.0,6.0,6.0,4.0,0.0,72.0642,0.0,0.0,0.0,2.0,0.0,0.0,0.0,0.0,0.0,0.0,0.0,0.0,0.0,0.0,27.0,0.0,0.0,0.0,0.0,0.0,0.0,0.0,0.0,0.0,0.0,0.0,0.0,0.0,0.0,0.0,0.0,0.0,0.0,0.0,0.0,6.0,0.0,0.0,0.0,0.0,0.0,1.0
1.0,0.0,1.0,341.0,11.0,11.0,6.0,0.0,249.329,0.0,0.0,0.0,0.0,0.0,0.0,0.0,0.0,0.0,0.0,0.0,0.0,0.0,0.0,38.0,76.0,0.0,0.0,0.0,38.0,0.0,0.0,0.0,0.0,0.0,0.0,0.0,0.0,0.0,5.0,5.0,0.0,0.0,0.0,0.0,5.0,5.0,0.0,0.0,0.0,1.0,6.0
1.0,0.0,1.0,317.0,11.0,11.0,6.0,1.0,227.883,0.0,0.0,1.0,0.0,0.0,0.0,0.0,0.0,0.0,0.0,0.0,0.0,0.0,12.89,21.0,53.0,0.0,0.0,0.0,32.0,0.0,0.0,0.0,0.0,0.0,0.0,0.0,0.0,0.0,7.0,7.0,0.0,0.0,0.0,0.0,4.0,5.0,0.0,0.0,0.0,1.0,6.0
1.0,0.0,1.0,292.0,10.0,10.0,6.0,0.0,213.876,0.0,0.0,0.0,0.0,0.0,0.0,0.0,0.0,0.0,0.0,0.0,0.0,0.0,0.0,23.0,46.0,0.0,0.0,0.0,23.0,0.0,0.0,0.0,0.0,0.0,0.0,0.0,0.0,0.0,4.0,4.0,0.0,0.0,0.0,0.0,4.0,4.0,0.0,0.0,0.0,1.0,5.0
1.0,0.0,1.0,259.0,13.0,13.0,8.0,2.0,183.574,0.0,0.0,2.0,0.0,0.0,0.0,0.0,0.0,0.0,0.0,0.0,0.0,0.0,15.6,4.0,24.0,0.0,0.0,0.0,14.0,0.0,0.0,0.0,0.0,0.0,0.0,0.0,0.0,0.0,2.0,5.0,0.0,0.0,0.0,0.0,2.0,3.0,0.0,0.0,0.0,1.0,8.0
1.0,0.0,0.0,196.0,11.0,11.0,6.0,1.0,136.106,0.0,0.0,1.0,2.0,1.0,0.0,0.0,0.0,1.0,0.0,0.0,0.0,0.0,17.07,98.0,31.0,0.0,0.0,0.0,0.0,0.0,0.0,0.0,0.0,0.0,0.0,0.0,0.0,0.0,0.0,0.0,0.0,0.0,0.0,0.0,9.0,1.0,0.0,0.0,0.0,0.0,6.0
1.0,0.0,1.0,160.0,10.0,10.0,6.0,1.0,120.107,0.0,0.0,0.0,0.0,1.0,0.0,0.0,0.0,0.0,0.0,0.0,0.0,0.0,0.0,21.0,0.0,0.0,0.0,0.0,0.0,0.0,0.0,0.0,0.0,0.0,0.0,0.0,0.0,0.0,6.0,0.0,0.0,0.0,0.0,0.0,4.0,0.0,0.0,0.0,0.0,1.0,5.0
1.0,0.0,1.0,160.0,10.0,10.0,6.0,2.0,120.107,0.0,0.0,0.0,1.0,1.0,0.0,0.0,0.0,0.0,0.0,0.0,0.0,0.0,0.0,9.0,0.0,0.0,0.0,0.0,0.0,0.0,0.0,0.0,0.0,0.0,0.0,0.0,0.0,0.0,9.0,0.0,0.0,0.0,0.0,0.0,4.0,0.0,0.0,0.0,0.0,1.0,5.0
0.0,0.0,0.0,129.0,6.0,5.0,0.0,2.0,139.957,0.0,0.0,0.0,1.0,1.0,0.0,0.0,0.0,0.0,0.0,0.0,0.0,0.0,0.0,22.0,0.0,0.0,0.0,0.0,0.0,0.0,0.0,0.0,0.0,0.0,0.0,0.0,0.0,0.0,0.0,0.0,0.0,0.0,0.0,0.0,5.0,0.0,0.0,0.0,0.0,0.0,6.0
3.0,0.0,2.0,354.0,21.0,23.0,12.0,4.0,256.217,0.0,0.0,2.0,3.0,0.0,0.0,0.0,0.0,0.0,0.0,0.0,0.0,0.0,6.48,11.0,24.0,0.0,0.0,0.0,4.0,0.0,0.0,0.0,0.0,0.0,0.0,0.0,0.0,0.0,12.0,12.0,0.0,0.0,0.0,2.0,3.0,2.0,0.0,0.0,0.0,2.0,7.0
1.0,0.0,1.0,292.0,10.0,10.0,6.0,0.0,148.056,0.0,0.0,0.0,0.0,0.0,0.0,0.0,0.0,0.0,0.0,0.0,0.0,0.0,0.0,0.0,0.0,0.0,0.0,0.0,23.0,0.0,0.0,0.0,0.0,0.0,0.0,0.0,0.0,0.0,0.0,4.0,0.0,0.0,0.0,0.0,0.0,4.0,0.0,0.0,0.0,1.0,5.0
1.0,0.0,1.0,235.0,10.0,10.0,9.0,0.0,168.988,0.0,0.0,1.0,0.0,0.0,0.0,0.0,0.0,0.0,0.0,1.0,0.0,0.0,23.79,4.0,16.0,0.0,0.0,0.0,12.0,0.0,0.0,0.0,0.0,0.0,0.0,0.0,0.0,0.0,2.0,4.0,0.0,0.0,0.0,0.0,2.0,3.0,0.0,0.0,0.0,1.0,5.0
1.0,0.0,1.0,137.0,8.0,8.0,9.0,0.0,98.0817,0.0,0.0,1.0,0.0,0.0,0.0,0.0,0.0,0.0,0.0,1.0,0.0,0.0,23.79,0.0,0.0,0.0,0.0,0.0,0.0,0.0,0.0,0.0,0.0,0.0,0.0,0.0,0.0,0.0,0.0,2.0,0.0,0.0,0.0,0.0,0.0,1.0,0.0,0.0,0.0,1.0,3.0
1.0,0.0,1.0,194.0,8.0,8.0,6.0,0.0,110.06,0.0,0.0,0.0,0.0,0.0,0.0,0.0,0.0,0.0,0.0,0.0,0.0,0.0,0.0,0.0,0.0,0.0,0.0,0.0,5.0,0.0,0.0,0.0,0.0,0.0,0.0,0.0,0.0,0.0,0.0,2.0,0.0,0.0,0.0,0.0,0.0,2.0,0.0,0.0,0.0,1.0,3.0
0.0,0.0,0.0,116.0,6.0,5.0,0.0,1.0,76.0529,0.0,0.0,1.0,0.0,0.0,0.0,0.0,1.0,1.0,0.0,0.0,0.0,0.0,20.23,9.0,11.0,11.0,0.0,0.0,0.0,0.0,0.0,0.0,0.0,0.0,0.0,0.0,0.0,0.0,0.0,0.0,0.0,0.0,0.0,0.0,4.0,1.0,1.0,0.0,0.0,0.0,6.0
0.0,0.0,0.0,100.0,5.0,4.0,0.0,2.0,64.0422,0.0,0.0,1.0,2.0,0.0,0.0,0.0,1.0,1.0,0.0,0.0,0.0,0.0,20.23,4.0,9.0,9.0,0.0,0.0,0.0,0.0,0.0,0.0,0.0,0.0,0.0,0.0,0.0,0.0,0.0,0.0,0.0,0.0,0.0,0.0,3.0,1.0,1.0,0.0,0.0,0.0,5.0
0.0,0.0,0.0,132.0,7.0,6.0,0.0,2.0,88.0636,0.0,0.0,1.0,2.0,0.0,0.0,0.0,1.0,1.0,0.0,0.0,0.0,0.0,20.23,24.0,13.0,13.0,0.0,0.0,0.0,0.0,0.0,0.0,0.0,0.0,0.0,0.0,0.0,0.0,0.0,0.0,0.0,0.0,0.0,0.0,5.0,1.0,1.0,0.0,0.0,0.0,7.0
1.0,0.0,1.0,271.0,11.0,11.0,9.0,0.0,273.889,0.0,0.0,2.0,0.0,0.0,0.0,0.0,0.0,1.0,0.0,1.0,0.0,0.0,44.02,4.0,16.0,6.0,0.0,0.0,6.0,6.0,0.0,0.0,0.0,0.0,0.0,0.0,0.0,0.0,2.0,3.0,1.0,0.0,0.0,0.0,2.0,2.0,1.0,0.0,0.0,1.0,6.0
0.0,0.0,0.0,152.0,7.0,6.0,2.0,3.0,92.0523,0.0,0.0,2.0,2.0,0.0,0.0,0.0,0.0,1.0,0.0,0.0,0.0,0.0,26.3,4.0,18.0,0.0,0.0,0.0,2.0,0.0,0.0,0.0,0.0,0.0,0.0,0.0,0.0,0.0,0.0,0.0,0.0,0.0,0.0,0.0,3.0,2.0,0.0,0.0,0.0,0.0,7.0
0.0,0.0,0.0,130.0,4.0,3.0,2.0,0.0,277.829,0.0,0.0,0.0,0.0,0.0,0.0,0.0,0.0,0.0,0.0,0.0,0.0,0.0,0.0,3.0,0.0,0.0,0.0,0.0,0.0,0.0,0.0,0.0,0.0,0.0,0.0,0.0,0.0,0.0,0.0,0.0,0.0,0.0,0.0,0.0,2.0,0.0,0.0,0.0,0.0,0.0,4.0
0.0,0.0,0.0,148.0,8.0,7.0,0.0,1.0,100.074,0.0,0.0,1.0,0.0,0.0,0.0,0.0,1.0,1.0,0.0,0.0,0.0,0.0,20.23,33.0,15.0,15.0,0.0,0.0,0.0,0.0,0.0,0.0,0.0,0.0,0.0,0.0,0.0,0.0,0.0,0.0,0.0,0.0,0.0,0.0,6.0,1.0,1.0,0.0,0.0,0.0,8.0
3.0,1.0,3.0,228.0,13.0,15.0,12.0,0.0,176.19299999999996,0.0,0.0,0.0,0.0,0.0,0.0,0.0,0.0,0.0,0.0,0.0,0.0,0.0,0.0,0.0,0.0,0.0,0.0,0.0,0.0,0.0,0.0,0.0,0.0,0.0,0.0,0.0,0.0,0.0,0.0,0.0,0.0,0.0,0.0,1.0,0.0,0.0,0.0,0.0,0.0,3.0,1.0
4.0,1.0,3.0,256.0,16.0,19.0,16.0,0.0,192.171,0.0,0.0,0.0,0.0,0.0,0.0,0.0,0.0,0.0,0.0,0.0,0.0,0.0,0.0,0.0,0.0,0.0,0.0,0.0,0.0,0.0,0.0,0.0,0.0,0.0,0.0,0.0,0.0,0.0,0.0,0.0,0.0,0.0,0.0,2.0,0.0,0.0,0.0,0.0,0.0,3.0,1.0
4.0,1.0,3.0,272.0,17.0,20.0,16.0,0.0,204.182,0.0,0.0,0.0,1.0,0.0,0.0,0.0,0.0,0.0,0.0,0.0,0.0,0.0,0.0,0.0,0.0,0.0,0.0,0.0,0.0,0.0,0.0,0.0,0.0,0.0,0.0,0.0,0.0,0.0,4.0,0.0,0.0,0.0,0.0,4.0,1.0,0.0,0.0,0.0,0.0,3.0,1.0
3.0,1.0,2.0,208.0,13.0,15.0,12.0,0.0,156.139,0.0,0.0,0.0,1.0,0.0,0.0,0.0,0.0,0.0,0.0,0.0,0.0,0.0,0.0,0.0,0.0,0.0,0.0,0.0,0.0,0.0,0.0,0.0,0.0,0.0,0.0,0.0,0.0,0.0,2.0,0.0,0.0,0.0,0.0,1.0,1.0,0.0,0.0,0.0,0.0,2.0,1.0
1.0,0.0,0.0,180.0,10.0,10.0,4.0,0.0,124.096,0.0,0.0,1.0,2.0,0.0,0.0,0.0,0.0,1.0,0.0,0.0,0.0,0.0,17.07,64.0,26.0,0.0,0.0,0.0,0.0,0.0,0.0,0.0,0.0,0.0,0.0,0.0,0.0,0.0,0.0,0.0,0.0,0.0,0.0,0.0,8.0,1.0,0.0,0.0,0.0,0.0,5.0
1.0,0.0,1.0,279.0,10.0,10.0,6.0,0.0,194.423,0.0,0.0,1.0,0.0,0.0,0.0,0.0,0.0,1.0,0.0,0.0,0.0,0.0,20.23,12.0,35.0,11.0,0.0,0.0,23.0,11.0,0.0,0.0,0.0,0.0,0.0,0.0,0.0,0.0,3.0,4.0,1.0,0.0,0.0,0.0,3.0,4.0,1.0,0.0,0.0,1.0,5.0
1.0,0.0,1.0,213.0,10.0,10.0,6.0,0.0,147.53799999999995,0.0,0.0,1.0,0.0,0.0,0.0,0.0,0.0,1.0,0.0,0.0,0.0,0.0,20.23,10.0,19.0,13.0,0.0,0.0,5.0,5.0,0.0,0.0,0.0,0.0,0.0,0.0,0.0,0.0,3.0,2.0,1.0,0.0,0.0,0.0,3.0,2.0,1.0,0.0,0.0,1.0,5.0
1.0,0.0,1.0,238.0,11.0,11.0,8.0,2.0,161.545,0.0,0.0,2.0,0.0,0.0,0.0,0.0,0.0,1.0,0.0,0.0,0.0,0.0,29.1,7.0,16.0,7.0,0.0,0.0,7.0,7.0,0.0,0.0,0.0,0.0,0.0,0.0,0.0,0.0,4.0,4.0,1.0,0.0,0.0,0.0,2.0,2.0,1.0,0.0,0.0,1.0,6.0
1.0,0.0,1.0,246.0,10.0,10.0,6.0,1.0,170.98,0.0,0.0,1.0,0.0,0.0,0.0,0.0,1.0,1.0,0.0,0.0,0.0,0.0,20.23,4.0,16.0,8.0,0.0,0.0,12.0,8.0,0.0,0.0,0.0,0.0,0.0,0.0,0.0,0.0,2.0,4.0,2.0,0.0,0.0,0.0,2.0,3.0,1.0,0.0,0.0,1.0,5.0
1.0,0.0,1.0,232.0,12.0,12.0,8.0,3.0,152.106,0.0,0.0,2.0,1.0,0.0,0.0,0.0,0.0,1.0,0.0,0.0,0.0,0.0,29.46,4.0,33.0,18.0,0.0,0.0,3.0,3.0,0.0,0.0,0.0,0.0,0.0,0.0,0.0,0.0,6.0,2.0,1.0,0.0,0.0,0.0,3.0,2.0,1.0,0.0,0.0,1.0,7.0
1.0,0.0,1.0,164.0,9.0,9.0,6.0,0.0,112.085,0.0,0.0,1.0,0.0,0.0,0.0,0.0,0.0,1.0,0.0,0.0,0.0,0.0,20.23,4.0,8.0,8.0,0.0,0.0,0.0,0.0,0.0,0.0,0.0,0.0,0.0,0.0,0.0,0.0,2.0,1.0,1.0,0.0,0.0,0.0,2.0,1.0,1.0,0.0,0.0,1.0,4.0
1.0,0.0,1.0,176.0,11.0,11.0,6.0,0.0,132.118,0.0,0.0,0.0,0.0,0.0,0.0,0.0,0.0,0.0,0.0,0.0,0.0,0.0,0.0,38.0,0.0,0.0,0.0,0.0,0.0,0.0,0.0,0.0,0.0,0.0,0.0,0.0,0.0,0.0,5.0,0.0,0.0,0.0,0.0,0.0,5.0,0.0,0.0,0.0,0.0,1.0,6.0
1.0,0.0,1.0,160.0,10.0,10.0,6.0,1.0,120.107,0.0,0.0,0.0,0.0,0.0,0.0,0.0,0.0,0.0,0.0,0.0,0.0,0.0,0.0,9.0,0.0,0.0,0.0,0.0,0.0,0.0,0.0,0.0,0.0,0.0,0.0,0.0,0.0,0.0,7.0,0.0,0.0,0.0,0.0,0.0,4.0,0.0,0.0,0.0,0.0,1.0,5.0
1.0,0.0,1.0,176.0,11.0,11.0,6.0,2.0,132.118,0.0,0.0,0.0,1.0,0.0,0.0,0.0,0.0,0.0,0.0,0.0,0.0,0.0,0.0,18.0,0.0,0.0,0.0,0.0,0.0,0.0,0.0,0.0,0.0,0.0,0.0,0.0,0.0,0.0,10.0,0.0,0.0,0.0,0.0,0.0,5.0,0.0,0.0,0.0,0.0,1.0,6.0
2.0,0.0,2.0,208.0,13.0,14.0,10.0,0.0,156.139,0.0,0.0,0.0,0.0,0.0,0.0,0.0,0.0,0.0,0.0,0.0,0.0,0.0,0.0,14.0,0.0,0.0,0.0,0.0,0.0,0.0,0.0,0.0,0.0,0.0,0.0,0.0,0.0,0.0,9.0,0.0,0.0,0.0,0.0,0.0,3.0,0.0,0.0,0.0,0.0,2.0,4.0
1.0,0.0,1.0,196.0,11.0,11.0,6.0,1.0,136.106,0.0,0.0,1.0,0.0,1.0,0.0,0.0,0.0,1.0,0.0,0.0,0.0,0.0,20.23,21.0,15.0,15.0,0.0,0.0,0.0,0.0,0.0,0.0,0.0,0.0,0.0,0.0,0.0,0.0,6.0,1.0,1.0,0.0,0.0,0.0,4.0,1.0,1.0,0.0,0.0,1.0,6.0
2.0,0.0,1.0,325.0,16.0,17.0,10.0,3.0,222.199,0.0,0.0,3.0,0.0,0.0,0.0,0.0,0.0,1.0,0.0,0.0,0.0,0.0,38.33,3.0,12.0,7.0,0.0,0.0,4.0,6.0,0.0,0.0,0.0,0.0,0.0,0.0,0.0,0.0,9.0,8.0,1.0,0.0,0.0,0.0,2.0,2.0,1.0,0.0,0.0,1.0,6.0
1.0,0.0,1.0,306.0,14.0,14.0,8.0,4.0,201.566,0.0,0.0,3.0,0.0,0.0,0.0,0.0,0.0,1.0,0.0,0.0,0.0,0.0,38.33,18.0,40.0,12.0,0.0,0.0,14.0,8.0,0.0,0.0,0.0,0.0,0.0,0.0,0.0,0.0,11.0,7.0,1.0,0.0,0.0,0.0,3.0,3.0,1.0,0.0,0.0,1.0,9.0
2.0,0.0,2.0,289.0,15.0,16.0,12.0,3.0,190.134,0.0,0.0,3.0,0.0,0.0,0.0,0.0,0.0,1.0,0.0,0.0,0.0,0.0,38.33,0.0,0.0,0.0,0.0,0.0,2.0,4.0,0.0,0.0,0.0,0.0,0.0,0.0,0.0,0.0,0.0,10.0,7.0,0.0,0.0,0.0,0.0,2.0,1.0,0.0,0.0,2.0,6.0
2.0,0.0,1.0,305.0,16.0,17.0,10.0,3.0,202.145,0.0,0.0,3.0,2.0,0.0,0.0,0.0,0.0,1.0,0.0,0.0,0.0,0.0,38.33,13.0,22.0,13.0,0.0,0.0,4.0,6.0,0.0,0.0,0.0,0.0,0.0,0.0,0.0,0.0,17.0,8.0,1.0,0.0,0.0,0.0,4.0,2.0,1.0,0.0,0.0,1.0,6.0
2.0,0.0,1.0,305.0,16.0,17.0,10.0,2.0,202.145,0.0,0.0,3.0,3.0,0.0,0.0,0.0,0.0,2.0,0.0,0.0,0.0,0.0,46.17,20.0,36.0,14.0,0.0,0.0,4.0,4.0,0.0,0.0,0.0,0.0,0.0,0.0,0.0,0.0,11.0,8.0,3.0,0.0,0.0,0.0,5.0,2.0,1.0,0.0,0.0,1.0,6.0
2.0,0.0,1.0,326.0,18.0,19.0,8.0,3.0,224.173,0.0,0.0,3.0,3.0,0.0,0.0,0.0,0.0,1.0,0.0,0.0,0.0,0.0,32.34,50.0,41.0,18.0,0.0,0.0,3.0,5.0,0.0,0.0,0.0,0.0,0.0,0.0,0.0,0.0,17.0,7.0,1.0,0.0,0.0,0.0,5.0,2.0,1.0,0.0,0.0,1.0,8.0
2.0,0.0,1.0,337.0,18.0,19.0,8.0,4.0,226.166,0.0,0.0,3.0,2.0,0.0,0.0,0.0,0.0,1.0,0.0,0.0,0.0,0.0,29.54,18.0,36.0,0.0,0.0,0.0,12.0,0.0,0.0,0.0,0.0,0.0,0.0,0.0,0.0,0.0,10.0,10.0,0.0,0.0,0.0,0.0,4.0,3.0,0.0,0.0,0.0,1.0,8.0
2.0,0.0,2.0,374.0,14.0,15.0,10.0,0.0,265.911,0.0,0.0,2.0,0.0,0.0,0.0,0.0,0.0,0.0,0.0,0.0,0.0,0.0,25.78,22.0,76.0,0.0,0.0,0.0,57.0,0.0,0.0,0.0,0.0,0.0,0.0,0.0,0.0,0.0,14.0,16.0,0.0,0.0,0.0,0.0,4.0,6.0,0.0,0.0,0.0,2.0,5.0
2.0,0.0,2.0,388.0,16.0,17.0,12.0,1.0,285.94,0.0,0.0,0.0,0.0,0.0,0.0,0.0,0.0,0.0,0.0,0.0,0.0,0.0,0.0,31.0,62.0,0.0,0.0,0.0,31.0,0.0,0.0,0.0,0.0,0.0,0.0,0.0,0.0,0.0,17.0,17.0,0.0,0.0,0.0,1.0,4.0,4.0,0.0,0.0,0.0,2.0,6.0
2.0,0.0,2.0,339.0,15.0,16.0,12.0,1.0,250.487,0.0,0.0,0.0,0.0,0.0,0.0,0.0,0.0,0.0,0.0,0.0,0.0,0.0,0.0,20.0,40.0,0.0,0.0,0.0,20.0,0.0,0.0,0.0,0.0,0.0,0.0,0.0,0.0,0.0,16.0,16.0,0.0,0.0,0.0,1.0,3.0,3.0,0.0,0.0,0.0,2.0,5.0
2.0,0.0,2.0,437.0,17.0,18.0,12.0,1.0,321.393,0.0,0.0,0.0,0.0,0.0,0.0,0.0,0.0,0.0,0.0,0.0,0.0,0.0,0.0,38.0,76.0,0.0,0.0,0.0,38.0,0.0,0.0,0.0,0.0,0.0,0.0,0.0,0.0,0.0,24.0,24.0,0.0,0.0,0.0,1.0,5.0,5.0,0.0,0.0,0.0,2.0,7.0
1.0,0.0,1.0,286.0,14.0,14.0,8.0,4.0,197.577,0.0,0.0,2.0,0.0,0.0,0.0,0.0,0.0,1.0,1.0,0.0,0.0,0.0,20.31,12.0,28.0,0.0,0.0,0.0,8.0,0.0,0.0,0.0,0.0,0.0,0.0,0.0,0.0,0.0,10.0,8.0,0.0,0.0,0.0,0.0,3.0,3.0,0.0,0.0,0.0,1.0,9.0
0.0,0.0,0.0,168.0,8.0,7.0,0.0,5.0,104.063,0.0,0.0,2.0,2.0,0.0,0.0,0.0,1.0,1.0,0.0,0.0,0.0,0.0,29.46,4.0,27.0,18.0,0.0,0.0,3.0,3.0,0.0,0.0,0.0,0.0,0.0,0.0,0.0,0.0,0.0,0.0,0.0,0.0,0.0,0.0,3.0,2.0,1.0,0.0,0.0,0.0,8.0
3.0,0.0,0.0,196.0,11.0,12.0,0.0,0.0,136.106,0.0,0.0,1.0,4.0,1.0,0.0,0.0,0.0,0.0,0.0,0.0,0.0,0.0,9.23,74.0,18.0,0.0,0.0,0.0,0.0,0.0,0.0,0.0,0.0,0.0,0.0,0.0,0.0,0.0,0.0,0.0,0.0,0.0,0.0,0.0,8.0,1.0,0.0,0.0,0.0,0.0,4.0
1.0,0.0,0.0,128.0,8.0,8.0,0.0,1.0,96.0856,0.0,0.0,0.0,6.0,1.0,0.0,0.0,0.0,0.0,0.0,0.0,0.0,0.0,0.0,64.0,0.0,0.0,0.0,0.0,0.0,0.0,0.0,0.0,0.0,0.0,0.0,0.0,0.0,0.0,0.0,0.0,0.0,0.0,0.0,0.0,8.0,0.0,0.0,0.0,0.0,0.0,3.0
0.0,0.0,0.0,116.0,6.0,5.0,0.0,1.0,76.0529,0.0,0.0,1.0,0.0,1.0,0.0,0.0,1.0,1.0,0.0,0.0,0.0,0.0,20.23,12.0,10.0,10.0,0.0,0.0,0.0,0.0,0.0,0.0,0.0,0.0,0.0,0.0,0.0,0.0,0.0,0.0,0.0,0.0,0.0,0.0,4.0,1.0,1.0,0.0,0.0,0.0,6.0
0.0,0.0,0.0,112.0,7.0,6.0,0.0,2.0,84.0749,0.0,0.0,0.0,1.0,2.0,0.0,0.0,0.0,0.0,0.0,0.0,0.0,0.0,0.0,48.0,0.0,0.0,0.0,0.0,0.0,0.0,0.0,0.0,0.0,0.0,0.0,0.0,0.0,0.0,0.0,0.0,0.0,0.0,0.0,0.0,7.0,0.0,0.0,0.0,0.0,0.0,7.0
2.0,1.0,2.0,335.0,18.0,19.0,10.0,6.0,242.235,0.0,0.0,3.0,0.0,0.0,0.0,0.0,0.0,0.0,1.0,0.0,0.0,0.0,19.37,0.0,0.0,0.0,0.0,0.0,10.0,0.0,0.0,0.0,0.0,0.0,0.0,0.0,0.0,0.0,0.0,16.0,0.0,0.0,0.0,3.0,0.0,3.0,0.0,0.0,0.0,2.0,9.0
2.0,0.0,2.0,317.0,18.0,19.0,14.0,4.0,222.177,0.0,0.0,2.0,0.0,1.0,0.0,0.0,0.0,1.0,0.0,0.0,0.0,0.0,20.31,0.0,4.0,0.0,0.0,0.0,2.0,0.0,0.0,0.0,0.0,0.0,0.0,0.0,0.0,0.0,2.0,12.0,0.0,0.0,0.0,2.0,1.0,2.0,0.0,0.0,0.0,2.0,8.0
1.0,0.0,1.0,202.0,9.0,9.0,6.0,0.0,136.131,0.0,0.0,3.0,0.0,0.0,0.0,0.0,0.0,1.0,0.0,0.0,0.0,0.0,48.65,0.0,4.0,6.0,0.0,0.0,0.0,6.0,0.0,0.0,2.0,0.0,0.0,0.0,0.0,0.0,1.0,1.0,0.0,0.0,0.0,0.0,1.0,1.0,2.0,0.0,0.0,1.0,4.0
1.0,0.0,1.0,202.0,9.0,9.0,6.0,0.0,120.066,0.0,0.0,4.0,0.0,0.0,0.0,0.0,0.0,2.0,0.0,0.0,0.0,0.0,65.72,0.0,8.0,6.0,0.0,0.0,4.0,10.0,0.0,0.0,2.0,0.0,0.0,0.0,0.0,0.0,1.0,2.0,0.0,0.0,0.0,0.0,1.0,2.0,2.0,0.0,0.0,1.0,4.0
1.0,0.0,1.0,168.0,8.0,8.0,6.0,0.0,104.063,0.0,0.0,2.0,0.0,0.0,0.0,0.0,0.0,2.0,0.0,0.0,0.0,0.0,40.46,0.0,0.0,0.0,0.0,0.0,3.0,6.0,0.0,0.0,3.0,0.0,0.0,0.0,0.0,0.0,0.0,2.0,2.0,0.0,0.0,0.0,0.0,2.0,2.0,0.0,0.0,1.0,3.0
1.0,0.0,1.0,184.0,9.0,9.0,6.0,1.0,116.074,0.0,0.0,2.0,0.0,0.0,0.0,0.0,1.0,2.0,0.0,0.0,0.0,0.0,40.46,0.0,0.0,0.0,0.0,0.0,4.0,8.0,0.0,0.0,4.0,0.0,0.0,0.0,0.0,0.0,0.0,3.0,3.0,0.0,0.0,0.0,0.0,2.0,2.0,0.0,0.0,1.0,4.0
1.0,0.0,1.0,191.0,9.0,9.0,8.0,1.0,118.073,0.0,0.0,4.0,0.0,0.0,0.0,0.0,0.0,1.0,0.0,0.0,1.0,0.0,68.87,0.0,0.0,0.0,0.0,0.0,10.0,9.0,9.0,0.0,0.0,0.0,0.0,0.0,0.0,0.0,0.0,2.0,2.0,2.0,0.0,0.0,0.0,3.0,1.0,1.0,0.0,1.0,4.0
1.0,0.0,0.0,146.0,8.0,8.0,0.0,0.0,100.078,0.0,0.0,2.0,0.0,0.0,0.0,0.0,0.0,0.0,0.0,0.0,0.0,0.0,24.06,5.0,0.0,10.0,0.0,0.0,0.0,0.0,0.0,0.0,3.0,0.0,0.0,0.0,0.0,0.0,0.0,0.0,0.0,0.0,0.0,0.0,2.0,0.0,2.0,0.0,0.0,0.0,3.0
1.0,0.0,1.0,173.0,9.0,9.0,8.0,1.0,114.081,0.0,0.0,2.0,0.0,0.0,0.0,0.0,0.0,1.0,0.0,0.0,1.0,0.0,43.09,0.0,0.0,0.0,0.0,0.0,0.0,2.0,2.0,0.0,0.0,0.0,0.0,0.0,0.0,0.0,0.0,2.0,2.0,2.0,0.0,0.0,0.0,1.0,1.0,1.0,0.0,1.0,4.0
2.0,0.0,1.0,314.0,16.0,17.0,10.0,2.0,204.141,0.0,0.0,4.0,1.0,0.0,0.0,0.0,0.0,2.0,0.0,0.0,0.0,0.0,58.2,4.0,18.0,18.0,0.0,0.0,4.0,12.0,0.0,0.0,2.0,0.0,0.0,0.0,0.0,0.0,6.0,6.0,6.0,0.0,0.0,0.0,3.0,2.0,2.0,0.0,0.0,1.0,6.0
2.0,0.0,1.0,366.0,18.0,19.0,14.0,3.0,232.151,0.0,0.0,5.0,1.0,0.0,0.0,0.0,0.0,3.0,0.0,0.0,0.0,0.0,75.27,10.0,50.0,28.0,0.0,0.0,12.0,16.0,0.0,0.0,2.0,0.0,0.0,0.0,0.0,0.0,10.0,11.0,6.0,0.0,0.0,0.0,4.0,3.0,2.0,0.0,0.0,1.0,8.0
1.0,0.0,1.0,234.0,11.0,11.0,6.0,2.0,160.153,0.0,0.0,3.0,2.0,0.0,0.0,0.0,0.0,1.0,0.0,0.0,0.0,0.0,48.65,4.0,15.0,24.0,0.0,0.0,0.0,6.0,0.0,0.0,2.0,0.0,0.0,0.0,0.0,0.0,6.0,1.0,0.0,0.0,0.0,0.0,3.0,1.0,2.0,0.0,0.0,1.0,6.0
1.0,0.0,1.0,287.0,15.0,15.0,6.0,4.0,190.137,0.0,0.0,4.0,3.0,0.0,0.0,0.0,0.0,1.0,1.0,0.0,0.0,0.0,49.25,28.0,94.0,22.0,0.0,0.0,16.0,10.0,0.0,0.0,0.0,0.0,0.0,0.0,0.0,0.0,11.0,2.0,1.0,0.0,0.0,0.0,5.0,4.0,1.0,0.0,0.0,1.0,10.0
2.0,1.0,2.0,329.0,12.0,13.0,8.0,0.0,238.502,0.0,0.0,2.0,0.0,0.0,0.0,0.0,0.0,0.0,0.0,0.0,0.0,0.0,25.78,12.0,47.0,0.0,0.0,0.0,37.0,0.0,0.0,0.0,0.0,0.0,0.0,0.0,0.0,0.0,10.0,12.0,0.0,0.0,0.0,0.0,3.0,5.0,0.0,0.0,0.0,2.0,4.0
1.0,0.0,1.0,150.0,7.0,7.0,6.0,0.0,92.0558,0.0,0.0,3.0,0.0,0.0,0.0,0.0,0.0,1.0,0.0,0.0,0.0,0.0,45.75,0.0,0.0,0.0,0.0,0.0,4.0,4.0,0.0,0.0,0.0,0.0,0.0,0.0,0.0,0.0,0.0,1.0,0.0,0.0,0.0,0.0,0.0,2.0,1.0,0.0,0.0,1.0,2.0
1.0,0.0,1.0,141.0,7.0,7.0,6.0,0.0,90.0597,0.0,0.0,2.0,0.0,0.0,0.0,0.0,0.0,1.0,0.0,0.0,0.0,0.0,33.12,0.0,0.0,0.0,0.0,0.0,2.0,2.0,0.0,0.0,0.0,0.0,0.0,0.0,0.0,0.0,0.0,1.0,1.0,0.0,0.0,0.0,0.0,2.0,1.0,0.0,0.0,1.0,2.0
2.0,0.0,2.0,388.0,16.0,17.0,12.0,1.0,285.94,0.0,0.0,0.0,0.0,0.0,0.0,0.0,0.0,0.0,0.0,0.0,0.0,0.0,0.0,32.0,64.0,0.0,0.0,0.0,32.0,0.0,0.0,0.0,0.0,0.0,0.0,0.0,0.0,0.0,18.0,18.0,0.0,0.0,0.0,1.0,4.0,4.0,0.0,0.0,0.0,2.0,6.0
1.0,0.0,1.0,243.0,9.0,9.0,6.0,0.0,311.776,0.0,0.0,0.0,0.0,0.0,0.0,0.0,0.0,0.0,0.0,0.0,0.0,0.0,0.0,12.0,0.0,0.0,0.0,0.0,0.0,0.0,0.0,0.0,0.0,0.0,0.0,0.0,0.0,0.0,3.0,0.0,0.0,0.0,0.0,0.0,3.0,0.0,0.0,0.0,0.0,1.0,4.0
2.0,0.0,2.0,388.0,16.0,17.0,12.0,1.0,285.94,0.0,0.0,0.0,0.0,0.0,0.0,0.0,0.0,0.0,0.0,0.0,0.0,0.0,0.0,28.0,56.0,0.0,0.0,0.0,28.0,0.0,0.0,0.0,0.0,0.0,0.0,0.0,0.0,0.0,16.0,16.0,0.0,0.0,0.0,1.0,4.0,4.0,0.0,0.0,0.0,2.0,6.0
2.0,0.0,2.0,339.0,15.0,16.0,12.0,1.0,250.487,0.0,0.0,0.0,0.0,0.0,0.0,0.0,0.0,0.0,0.0,0.0,0.0,0.0,0.0,20.0,40.0,0.0,0.0,0.0,20.0,0.0,0.0,0.0,0.0,0.0,0.0,0.0,0.0,0.0,15.0,15.0,0.0,0.0,0.0,1.0,3.0,3.0,0.0,0.0,0.0,2.0,5.0
2.0,0.0,2.0,339.0,15.0,16.0,12.0,1.0,250.487,0.0,0.0,0.0,0.0,0.0,0.0,0.0,0.0,0.0,0.0,0.0,0.0,0.0,0.0,16.0,32.0,0.0,0.0,0.0,16.0,0.0,0.0,0.0,0.0,0.0,0.0,0.0,0.0,0.0,13.0,13.0,0.0,0.0,0.0,1.0,3.0,3.0,0.0,0.0,0.0,2.0,5.0
2.0,0.0,2.0,339.0,15.0,16.0,12.0,1.0,250.487,0.0,0.0,0.0,0.0,0.0,0.0,0.0,0.0,0.0,0.0,0.0,0.0,0.0,0.0,12.0,24.0,0.0,0.0,0.0,12.0,0.0,0.0,0.0,0.0,0.0,0.0,0.0,0.0,0.0,13.0,13.0,0.0,0.0,0.0,1.0,3.0,3.0,0.0,0.0,0.0,2.0,5.0
0.0,0.0,0.0,129.0,6.0,5.0,0.0,2.0,95.5065,0.0,0.0,0.0,2.0,0.0,0.0,0.0,0.0,0.0,0.0,0.0,0.0,0.0,0.0,24.0,11.0,0.0,0.0,0.0,0.0,0.0,0.0,0.0,0.0,0.0,0.0,0.0,0.0,0.0,0.0,0.0,0.0,0.0,0.0,0.0,5.0,1.0,0.0,0.0,0.0,0.0,6.0
0.0,0.0,0.0,163.0,4.0,3.0,0.0,0.0,207.272,0.0,0.0,0.0,0.0,0.0,0.0,0.0,0.0,0.0,0.0,0.0,0.0,0.0,0.0,6.0,4.0,0.0,0.0,0.0,0.0,0.0,0.0,0.0,0.0,0.0,0.0,0.0,0.0,0.0,0.0,0.0,0.0,0.0,0.0,0.0,3.0,1.0,0.0,0.0,0.0,0.0,4.0
0.0,0.0,0.0,113.0,5.0,4.0,0.0,2.0,83.4958,0.0,0.0,0.0,2.0,0.0,0.0,0.0,0.0,0.0,0.0,0.0,0.0,0.0,0.0,13.0,9.0,0.0,0.0,0.0,0.0,0.0,0.0,0.0,0.0,0.0,0.0,0.0,0.0,0.0,0.0,0.0,0.0,0.0,0.0,0.0,4.0,1.0,0.0,0.0,0.0,0.0,5.0
0.0,0.0,0.0,113.0,5.0,4.0,0.0,2.0,127.947,0.0,0.0,0.0,2.0,0.0,0.0,0.0,0.0,0.0,0.0,0.0,0.0,0.0,0.0,13.0,0.0,0.0,0.0,0.0,0.0,0.0,0.0,0.0,0.0,0.0,0.0,0.0,0.0,0.0,0.0,0.0,0.0,0.0,0.0,0.0,4.0,0.0,0.0,0.0,0.0,0.0,5.0
0.0,0.0,0.0,113.0,5.0,4.0,0.0,2.0,174.947,0.0,0.0,0.0,2.0,0.0,0.0,0.0,0.0,0.0,0.0,0.0,0.0,0.0,0.0,13.0,0.0,0.0,0.0,0.0,0.0,0.0,0.0,0.0,0.0,0.0,0.0,0.0,0.0,0.0,0.0,0.0,0.0,0.0,0.0,0.0,4.0,0.0,0.0,0.0,0.0,0.0,5.0
0.0,0.0,0.0,100.0,5.0,4.0,0.0,2.0,80.1078,0.0,0.0,0.0,2.0,0.0,0.0,0.0,0.0,0.0,0.0,0.0,0.0,0.0,0.0,4.0,0.0,0.0,0.0,0.0,0.0,0.0,0.0,0.0,0.0,0.0,0.0,0.0,0.0,0.0,0.0,0.0,0.0,0.0,0.0,0.0,3.0,0.0,0.0,0.0,0.0,0.0,5.0
0.0,0.0,0.0,116.0,6.0,5.0,0.0,2.0,76.0529,0.0,0.0,1.0,2.0,0.0,0.0,0.0,1.0,1.0,0.0,0.0,0.0,0.0,20.23,14.0,10.0,10.0,0.0,0.0,0.0,0.0,0.0,0.0,0.0,0.0,0.0,0.0,0.0,0.0,0.0,0.0,0.0,0.0,0.0,0.0,4.0,1.0,1.0,0.0,0.0,0.0,6.0
0.0,0.0,0.0,116.0,6.0,5.0,0.0,1.0,76.0529,0.0,0.0,1.0,1.0,0.0,0.0,0.0,1.0,1.0,0.0,0.0,0.0,0.0,20.23,13.0,9.0,9.0,0.0,0.0,0.0,0.0,0.0,0.0,0.0,0.0,0.0,0.0,0.0,0.0,0.0,0.0,0.0,0.0,0.0,0.0,4.0,1.0,1.0,0.0,0.0,0.0,6.0
0.0,0.0,0.0,163.0,4.0,3.0,0.0,0.0,162.821,0.0,0.0,0.0,0.0,0.0,0.0,0.0,0.0,0.0,0.0,0.0,0.0,0.0,0.0,6.0,8.0,0.0,0.0,0.0,2.0,0.0,0.0,0.0,0.0,0.0,0.0,0.0,0.0,0.0,0.0,0.0,0.0,0.0,0.0,0.0,3.0,2.0,0.0,0.0,0.0,0.0,4.0
1.0,0.0,1.0,197.0,9.0,9.0,6.0,0.0,135.52700000000002,0.0,0.0,1.0,0.0,0.0,0.0,0.0,0.0,1.0,0.0,0.0,0.0,0.0,20.23,3.0,12.0,9.0,0.0,0.0,5.0,5.0,0.0,0.0,0.0,0.0,0.0,0.0,0.0,0.0,2.0,2.0,1.0,0.0,0.0,0.0,2.0,2.0,1.0,0.0,0.0,1.0,4.0
0.0,0.0,0.0,132.0,7.0,6.0,0.0,1.0,88.0636,0.0,0.0,1.0,0.0,0.0,0.0,0.0,1.0,1.0,0.0,0.0,0.0,0.0,20.23,20.0,13.0,13.0,0.0,0.0,0.0,0.0,0.0,0.0,0.0,0.0,0.0,0.0,0.0,0.0,0.0,0.0,0.0,0.0,0.0,0.0,5.0,1.0,1.0,0.0,0.0,0.0,7.0
1.0,0.0,1.0,168.0,8.0,8.0,6.0,0.0,104.063,0.0,0.0,2.0,0.0,0.0,0.0,0.0,0.0,2.0,0.0,0.0,0.0,0.0,40.46,0.0,0.0,0.0,0.0,0.0,4.0,8.0,0.0,0.0,4.0,0.0,0.0,0.0,0.0,0.0,0.0,2.0,2.0,0.0,0.0,0.0,0.0,2.0,2.0,0.0,0.0,1.0,3.0
1.0,0.0,1.0,168.0,8.0,8.0,6.0,0.0,104.063,0.0,0.0,2.0,0.0,0.0,0.0,0.0,0.0,2.0,0.0,0.0,0.0,0.0,40.46,0.0,0.0,0.0,0.0,0.0,5.0,10.0,0.0,0.0,5.0,0.0,0.0,0.0,0.0,0.0,0.0,2.0,2.0,0.0,0.0,0.0,0.0,2.0,2.0,0.0,0.0,1.0,3.0
1.0,0.0,0.0,130.0,7.0,7.0,0.0,0.0,88.0671,0.0,0.0,2.0,0.0,0.0,0.0,0.0,0.0,0.0,0.0,0.0,0.0,0.0,24.06,0.0,0.0,5.0,0.0,0.0,0.0,0.0,0.0,0.0,3.0,0.0,0.0,0.0,0.0,0.0,0.0,0.0,0.0,0.0,0.0,0.0,1.0,0.0,2.0,0.0,0.0,0.0,2.0
0.0,0.0,0.0,80.0,5.0,4.0,2.0,2.0,60.0535,0.0,0.0,0.0,2.0,0.0,0.0,0.0,0.0,0.0,0.0,0.0,0.0,0.0,0.0,20.0,0.0,0.0,0.0,0.0,0.0,0.0,0.0,0.0,0.0,0.0,0.0,0.0,0.0,0.0,0.0,0.0,0.0,0.0,0.0,0.0,5.0,0.0,0.0,0.0,0.0,0.0,5.0
0.0,0.0,0.0,80.0,5.0,4.0,0.0,2.0,60.0535,0.0,0.0,0.0,3.0,0.0,0.0,0.0,0.0,0.0,0.0,0.0,0.0,0.0,0.0,20.0,0.0,0.0,0.0,0.0,0.0,0.0,0.0,0.0,0.0,0.0,0.0,0.0,0.0,0.0,0.0,0.0,0.0,0.0,0.0,0.0,5.0,0.0,0.0,0.0,0.0,0.0,5.0
0.0,0.0,0.0,146.0,5.0,4.0,0.0,1.0,195.84,0.0,0.0,0.0,0.0,0.0,0.0,0.0,0.0,0.0,0.0,0.0,0.0,0.0,0.0,8.0,0.0,0.0,0.0,0.0,0.0,0.0,0.0,0.0,0.0,0.0,0.0,0.0,0.0,0.0,0.0,0.0,0.0,0.0,0.0,0.0,3.0,0.0,0.0,0.0,0.0,0.0,5.0
3.0,1.0,3.0,228.0,13.0,15.0,12.0,0.0,160.128,0.0,0.0,1.0,0.0,0.0,0.0,0.0,0.0,0.0,0.0,0.0,0.0,0.0,13.14,0.0,0.0,0.0,0.0,0.0,0.0,0.0,0.0,0.0,0.0,0.0,0.0,0.0,0.0,0.0,0.0,2.0,0.0,0.0,0.0,1.0,0.0,1.0,0.0,0.0,0.0,3.0,1.0
0.0,0.0,0.0,80.0,5.0,4.0,2.0,1.0,60.0535,0.0,0.0,0.0,1.0,0.0,0.0,0.0,0.0,0.0,0.0,0.0,0.0,0.0,0.0,20.0,0.0,0.0,0.0,0.0,0.0,0.0,0.0,0.0,0.0,0.0,0.0,0.0,0.0,0.0,0.0,0.0,0.0,0.0,0.0,0.0,5.0,0.0,0.0,0.0,0.0,0.0,5.0
0.0,0.0,0.0,80.0,5.0,4.0,4.0,1.0,60.0535,0.0,0.0,0.0,0.0,0.0,0.0,0.0,0.0,0.0,0.0,0.0,0.0,0.0,0.0,18.0,0.0,0.0,0.0,0.0,0.0,0.0,0.0,0.0,0.0,0.0,0.0,0.0,0.0,0.0,0.0,0.0,0.0,0.0,0.0,0.0,5.0,0.0,0.0,0.0,0.0,0.0,5.0
0.0,0.0,0.0,96.0,6.0,5.0,0.0,1.0,72.0642,0.0,0.0,0.0,1.0,0.0,0.0,0.0,0.0,0.0,0.0,0.0,0.0,0.0,0.0,28.0,0.0,0.0,0.0,0.0,0.0,0.0,0.0,0.0,0.0,0.0,0.0,0.0,0.0,0.0,0.0,0.0,0.0,0.0,0.0,0.0,6.0,0.0,0.0,0.0,0.0,0.0,6.0
0.0,0.0,0.0,132.0,7.0,6.0,0.0,2.0,88.0636,0.0,0.0,1.0,1.0,0.0,0.0,0.0,1.0,1.0,0.0,0.0,0.0,0.0,20.23,18.0,15.0,15.0,0.0,0.0,0.0,0.0,0.0,0.0,0.0,0.0,0.0,0.0,0.0,0.0,0.0,0.0,0.0,0.0,0.0,0.0,5.0,1.0,1.0,0.0,0.0,0.0,7.0
1.0,0.0,1.0,148.0,8.0,8.0,6.0,0.0,100.074,0.0,0.0,1.0,0.0,0.0,0.0,0.0,0.0,1.0,0.0,0.0,0.0,0.0,20.23,0.0,3.0,3.0,0.0,0.0,0.0,0.0,0.0,0.0,0.0,0.0,0.0,0.0,0.0,0.0,1.0,1.0,1.0,0.0,0.0,0.0,1.0,1.0,1.0,0.0,0.0,1.0,3.0
1.0,0.0,1.0,164.0,9.0,9.0,6.0,1.0,112.085,0.0,0.0,1.0,1.0,0.0,0.0,0.0,0.0,1.0,0.0,0.0,0.0,0.0,20.23,1.0,7.0,7.0,0.0,0.0,0.0,0.0,0.0,0.0,0.0,0.0,0.0,0.0,0.0,0.0,3.0,1.0,1.0,0.0,0.0,0.0,2.0,1.0,1.0,0.0,0.0,1.0,4.0
1.0,0.0,1.0,238.0,11.0,11.0,8.0,2.0,205.996,0.0,0.0,2.0,0.0,0.0,0.0,0.0,0.0,1.0,0.0,0.0,0.0,0.0,29.1,7.0,9.0,7.0,0.0,0.0,0.0,2.0,0.0,0.0,0.0,0.0,0.0,0.0,0.0,0.0,4.0,3.0,1.0,0.0,0.0,0.0,2.0,1.0,1.0,0.0,0.0,1.0,6.0
1.0,0.0,1.0,238.0,11.0,11.0,8.0,2.0,252.996,0.0,0.0,2.0,0.0,0.0,0.0,0.0,0.0,1.0,0.0,0.0,0.0,0.0,29.1,7.0,9.0,7.0,0.0,0.0,0.0,2.0,0.0,0.0,0.0,0.0,0.0,0.0,0.0,0.0,4.0,3.0,1.0,0.0,0.0,0.0,2.0,1.0,1.0,0.0,0.0,1.0,6.0
